note,texte,date,reviewer,likes,version_app
5,سهلة الاستعمال و سلسة. الرجاء اضافة خيار دفع ثمن الحجز بعد التأكيد دون وجوب الذهاب للوكالة.,2026-02-21,Li Lou,0,18.0.0
5,bien,2026-02-15,FELLAH OMAR,0,16.0
5,excellente,2026-02-13,Sid ahmed Ben serradj,0,18.0.0
2,cette aplication ne foctionne pas j'ai essaié pour m' enregitrai sans resultats,2026-02-13,Abderrahmane Seghirate,0,18.0.0
4,bien,2026-02-09,Salah Lahmer,0,18.0.0
5,"je suis très contente du service Air Algérie. je l'avais pris au mois de décembre, sincèrement, j'avais remarqué plusieurs changements positifs. Bravo",2026-02-08,sabah lamari,3,18.0.0
3,"impossible d'effectuer de paiement en ligne avec la carte edahabia, numéro de réservation créé puis annulé.",2026-02-08,Amina KT,0,18.0.0
5,bonne appli,2026-02-06,Salim Blidi,0,16.0
5,L'application est très bien conçue et répond facilement à de nombreuses questions.,2026-02-05,Salah Eddie,0,17.0.0
5,en bonne voie,2026-02-05,Yacine Ayad,0,17.0.0
3,"bonne application et enregistrement en ligne pratique dommage que le service a l'aéroport sois une catastrophe le personnel agressif et désagréable c'est la réputation de air Algérie et je confirme que c'est vrai moins on a a faire avec eux mieux c'est ,donc organiser vous bien niveau bagage main ,soute et poids car ils ne vous font aucun cadeau contrairement a volet.. bref l'application vous sauve pour éviter le personnel au sol et au passage un petit en-cas dans l'avion vous oubliez ? c grave",2026-02-02,Chab Chab,2,18.0.0
5,Avec Air Algérie tout se passe très bien,2026-02-02,nana BEN,0,16.0
1,بالنسبة لخدمة العملاء، لايوجد أي رد منكم عند الاتصال بكم على الأرقام الموضوعة تحت تصرف الزبائن. هذا الأسبوع تم إلغاء رحلة بسبب سوء الأحوال الجوية ولم نجد أي توضيح من طرفكم هل سيتم تعويض الرحلة في وقت لاحق أو ألغيت بصفة نهائية... عند التقدم إلى مكاتبكم قاموا بإعطائنا رقم هاتف وبعد الاتصال به لم نجد أي رد بدون أي توضيح بالدارجة ڨعدنا نستناو في المطار و واحد مافهمنا اذا كاين رحلة في وقت لاحق ولا لالا ...,2026-02-01,Rami Chahine,0,18.0.0
5,excellent sa fait plus d'un an que je m'en sers gain de temps et d'argent,2026-01-29,Moustafa Gharbi,0,
5,very good,2026-01-28,Transpétroliers Malik16,0,18.0.0
5,10 sur 10,2026-01-27,Islam Azzo,0,16.0
1,Depuis hier soir je n'arrive pas à trouver comment m'enregistrer en ligne et réserver mon siège. Soit disant nouveau site. Tu parles ! Trop de blablas et peu d'actions pratiques.,2026-01-26,Ali Nabti,0,
1,désolé mais je dois d'installer l'application pcq elle ne fonctionne plus comme avant à chaque fois ils me disent qu'il ya une erreur et je vois pas où est l'erreur avant de la mettre à jour elle fonctionne très très bien et maintenant elle me dégoute vraiment merci beaucoup pour votre echec,2026-01-25,Lili Mounia,0,18.0.0
4,"تطبيق Air Algérie تجربة ممتازة وبوابة رقمية سهّلت علينا الكثير؛ استعملته مئات المرات وكان دائماً في المستوى من حيث السرعة وتوفر المعلومات، مما جعل إجراءات السفر أكثر سلاسة وبساطة. لدي ملاحظة تقنية بسيطة أتمنى أخذها بعين الاعتبار لتطوير الخدمة: واجهت صعوبة في تغيير تاريخ الإقلاع بشكل فردي ضمن حجز عائلي مشترك، حيث اضطررت للقيام بذلك يدوياً بدلاً من التطبيق. نرجو توفير ميزة 'فصل المسافر' أو تعديل التذاكر الفردية داخل الحجز الجماعي لتكتمل روعة التطبيق. كل التوفيق لكم!""",2026-01-22,brahim djanti,0,18.0.0
1,"corriger l'envoi du billet électronique,",2026-01-21,Wassim,1,18.0.0
3,la application et bien sauf quelle ne donne pas toute les informations nécessaires ele devrait avoir un contact service client air Algérie et avoir notre billet électronique directement dessus ça faciliterait les choses moi je reçu par mail mon billet électronique en arabe je ne sais pas si ça va passer merci,2026-01-21,Sid Ahmed,0,18.0.0
5,"c'est une très bonne application,elle fonctionne bien.",2026-01-20,Datefate Mimi,0,18.0.0
3,ok,2026-01-20,Samira23,0,
5,bien,2026-01-20,Farid Abderrahmani,0,
5,"Très satisfait de la compagnie, des pilotes à la hauteur ainsi que le personnelles",2026-01-20,abderrahmane bessaih,0,18.0.0
5,top,2026-01-20,Aboubakar Messaoud,0,18.0.0
5,top,2026-01-20,Nouara Johns,0,18.0.0
1,surclassement??!!!?!?,2026-01-20,Amine Ait-ouyahia,0,12.0
3,parfait,2026-01-20,belhenniche hamza,0,18.0.0
5,fooooooooooort,2026-01-20,Karim Soltani,0,18.0.0
1,la mise a jour bug après avoir sélectionné le pays et la langue le popup de surclassement apparaît à chaque lancement,2026-01-20,hamza abdellatif,0,18.0.0
1,"ça bloque, demande un sur classement mais l'appli ne marche pas",2026-01-20,Laravi Laravi,0,18.0.0
5,très bien serviable,2026-01-20,hakim yahiaoui,0,18.0.0
5,bien,2026-01-20,Mohamed fouad maouche,0,18.0.0
5,جيدة,2026-01-20,Soulima Belhadj aissa,0,
5,très important,2026-01-20,Belkacem Sait,0,18.0.0
5,fantastique,2026-01-20,Nawel Lounis,0,
5,rien à dire,2026-01-20,abdelkader benhamou,0,
4,"demande de mise a jour, mais aucune mise à jour n'est possible",2026-01-20,Farid Messafri,0,
5,excellente,2026-01-20,Sabiha Mestar,0,18.0.0
5,جميل,2026-01-20,صلاح زبير,0,16.0
2,ثقيلة بعض الشئ وتتوقف في كثير من الأوقات,2026-01-20,Ali Chaouche,0,18.0.0
1,اسوء تطبيق,2026-01-19,Абдул Раф,0,18.0.0
4,un peu cher les billets,2026-01-19,Bachir Bounoua,0,18.0.0
5,une très belle compagnie dans le monde,2026-01-19,Rani L'italien,0,18.0.0
5,Très bien et bonne soirée,2026-01-19,benattou zairi,0,18.0.0
2,"ne fonctionne plus et pas de mise à jour, je ne comprends pas pourquoi elle marche plus.",2026-01-19,Soso Meksaggo (“So”),0,18.0.0
5,bien,2026-01-19,Islam Ghanem,0,
5,bien,2026-01-19,Chahinez El Fekair,0,18.0.0
5,très bien,2026-01-19,Catalina Emma,0,
5,👍,2026-01-19,ABDERRAHIM SALMI,0,18.0.0
1,ne fonctionne pas surclassement,2026-01-19,aissa hadj,0,18.0.0
5,Formidable application 🌹🌹,2026-01-19,zz zina,0,18.0.0
5,bien,2026-01-19,Mohamed Souag,0,18.0.0
1,Il. Ne fonctionne pas,2026-01-19,Chahla Saib,0,
5,bien 👍👍👍,2026-01-19,Rachid Yousfi,0,18.0.0
1,medicore miseajour impossible,2026-01-19,TAREK H,0,18.0.0
5,bonne application,2026-01-19,Samir BELAL,0,18.0.0
2,"je pense a un bug,impossible de mettre à jour une nouvelle version",2026-01-19,Ghazali Elh,0,18.0.0
5,💯,2026-01-19,Badro Abdellaoui,0,18.0.0
1,j'arrive pas ouvrir l'application c nul,2026-01-19,Wali Wali,0,18.0.0
5,ممتاز,2026-01-19,Lakhder Lakhder,0,
5,très bien,2026-01-19,Amin Laalou,0,18.0.0
3,l'application bug et nous envoie vers mise à jour... sauf qu’il n’y à pas de mise à jour. android 16.,2026-01-19,Jack,0,18.0.0
5,impecable,2026-01-19,Madjid Chebah,0,18.0.0
4,bon application,2026-01-19,Kamel Bourakba,0,18.0.0
1,médiocre,2026-01-19,Khemissi Chamekh,0,
5,très bon air Algérie,2026-01-19,Loucif Ihaddaden,0,
3,une application pas mal mais pour acheter une valise en plus au retour il te compte l aller pas le retour tu paie en euros,2026-01-19,walid.zozo@hotmail.com wiwido,0,18.0.0
4,nul,2026-01-19,Fares Djematene,0,
1,du n'importe quoi cette application,2026-01-19,Rafik Bouhezila,0,18.0.0
5,bien,2026-01-19,Kahina Touat,0,18.0.0
5,l'application il est impeccable,2026-01-19,toto michel,0,
5,good,2026-01-19,Hiba Hiba,0,18.0.0
4,👌,2026-01-19,hakim larfa,0,18.0.0
5,très bonne application,2026-01-19,Ram Moh,0,18.0.0
5,satisfaction,2026-01-19,Abderrahmane Tegguer,0,18.0.0
4,très bien,2026-01-19,Mohamed Belabid,0,18.0.0
5,bon travail 💪,2026-01-19,Wassila Atar,0,18.0.0
5,très bon App,2026-01-19,baraa khouni,0,18.0.0
1,fonctionne pas,2026-01-19,Rachid Atsou,0,18.0.0
4,très pratique,2026-01-19,BESSADATE rachid,0,18.0.0
5,افضل,2026-01-19,Mohamed Ghenam,0,18.0.0
2,nice,2026-01-19,AMADAS LYDIA,0,18.0.0
3,satisfaite le faite qu'il n y a pas de retard,2026-01-19,Zohra Sef,0,18.0.0
1,L'application bug et ne marche pas 🙃😑,2026-01-19,nina,0,18.0.0
4,Tout est normal.,2026-01-19,abdelkader boucenna,0,18.0.0
5,bien 👍,2026-01-19,Khokha Hrw,0,
5,attractive,2026-01-19,Mourad Chaouche,0,18.0.0
4,good,2026-01-19,chieb coucou,0,18.0.0
5,bien,2026-01-19,Said Derbane,0,
5,top,2026-01-19,Derbal Samir,0,18.0.0
5,très bonne application pour consulter les conditions de programme des vole formidable application,2026-01-19,Billel Boy,0,18.0.0
5,ok,2026-01-19,Amar Chehma,0,18.0.0
5,simple et facile à utiliser,2026-01-19,nasser senani,0,18.0.0
5,🥰🥰🥰,2026-01-19,Zidour Sabrina,0,18.0.0
5,super rien a dire,2026-01-19,Laila Abdli,0,18.0.0
3,très bonne application,2026-01-19,Seddik Aroufoune,0,18.0.0
5,good,2026-01-19,عذاب الحب,0,18.0.0
5,"très efficace pour tt réservation et paiement en ligne, je la recommande.",2026-01-19,Yacine Hamiti,0,18.0.0
5,bonne application.,2026-01-19,dadda benmoh,0,18.0.0
1,très bien,2026-01-19,Bouazza Mekidiche,0,16.0
3,pas mal,2026-01-19,Soulef Bougrara,0,
4,derniere version de l’appli j’ai recu un message me demandant de telecharger une version plus recente de l’app mais cela ne fonctionne pas j’ai desinstaller la version que j’avais puis j’ai telechargé l’appli mais j’ai toujours le meme message qui me dit de telecharger une version plus recente... qui peur m’aider svp ? merci,2026-01-19,Karim Slimani,0,18.0.0
1,le surclassement ne fonctionne pas et sa bloque l'application désinstaller et réinstaller toujours le même problème,2026-01-19,tcci Vip,0,18.0.0
1,il y a un problème avec l'application je viens de mettre a jour mon téléphone et depuis ils me disent (mise à niveau de l'application requise) que cette version n'est plus prise en charge . pour continuer vous devez procéder a la mise a niveau vers la version la plus récente. mais dès que je suis sur play store je fais mettre a jour rien ne se passe j'ai toujours le même message d'erreur.merci de faire votre possible pour réparer l'application qui était super génial vraiment rien a dire,2026-01-19,issam sofiane Mahiou,2,18.0.0
1,elle ne fonctionne pas,2026-01-19,HAMRARAS KAMEL,0,18.0.0
1,nuuul,2026-01-19,Manel Sarri,0,18.0.0
5,bien,2026-01-19,Sofiane Guerrab,0,18.0.0
5,من غير التاخرات كل شيء ما شاء الله,2026-01-19,Hemmada Walid,0,18.0.0
1,marche plus depuis 1semaine,2026-01-19,Nun gungun blanc,0,18.0.0
5,merci beaucoup,2026-01-19,guedouar kouider,0,18.0.0
5,tr bon application,2026-01-19,sid hmd,0,18.0.0
5,ces tout simplement magnifique,2026-01-19,rami berdja,0,18.0.0
1,l'application ne fonctionne plus impossible de faire la mise à jour,2026-01-19,karim,0,18.0.0
5,top,2026-01-19,Ghiles Fahem,0,15.0
5,a voir,2026-01-19,Yousef Ait Cherif,0,18.0.0
5,super,2026-01-19,Hsino,0,18.0.0
3,Good,2026-01-19,Abderrahim Boulghit,0,18.0.0
1,Marche quand ça veut.,2026-01-19,Deen Abboud,0,
5,bravo air algirie,2026-01-19,Samir Bounouara,0,18.0.0
5,application souple,2026-01-19,Rahmani Hacene,0,
1,"L'application demande une mise à jour, qui n'existe pas sur play store.",2026-01-19,Abdelhalim AIT IDIR,0,18.0.0
5,جيد,2026-01-19,Dawed Aziez,0,18.0.0
5,tout fonctionne correctement . très contente de l'application Air Algérie j'en suis ravie et l'utilise régulièrement dès que possible,2026-01-19,Nadia Guiza,3,18.0.0
5,t bien,2026-01-19,Groupe Radjimi,0,
5,ponctuation et services irréprochables,2026-01-19,Abelmsirda Abelmsirda,0,18.0.0
4,genial. mais ya perturbation parfois,2026-01-19,Hamdi Ahmed,0,18.0.0
5,Merci pour votre service,2026-01-19,Tariq Korichi,0,
5,toooooop,2026-01-19,Essahli Hizya,0,18.0.0
5,très bonne application,2026-01-19,Fadhila Nebbache,0,18.0.0
5,good,2026-01-19,Djeddam Mohamed,0,18.0.0
5,une bonne compagner,2026-01-19,Madfrance Samy,0,18.0.0
5,تطبيق رائع جداً وسهل الإستخدام,2026-01-19,بوجمعة واوان,0,18.0.0
4,Formidable,2026-01-19,tak bey,0,
5,هذي لابليكاسيون فور تاعون بزاف,2026-01-19,Hamza Fouad,0,
5,bravo,2026-01-19,Truewoman DZ,0,
1,Ne se télécharge pas Android,2026-01-19,Dem Am,0,18.0.0
4,I like air algérie,2026-01-19,Nour Bouzida,0,18.0.0
5,"application très simple de fonctionnement, rapide",2026-01-19,Rémi Rémi,0,18.0.0
4,bug,2026-01-19,mohamed kadem,0,18.0.0
1,"blocked,not working due to upgrade",2026-01-19,Nour Ikram,0,18.0.0
5,bien,2026-01-19,Zaki Ziko,0,18.0.0
5,il ya un problème je n'arrive pas y accéder,2026-01-19,Abdelhaq Chaibeddour,0,18.0.0
5,Très Bien.,2026-01-19,Chawki Taleb,0,18.0.0
5,tre bonne application,2026-01-19,Bouabdallah Belkateb,0,18.0.0
3,je suis très satisfait de 🤟 vous services,2026-01-19,maamar kaddour amraoui,0,18.0.0
1,"Application basique à part réserver un vol, le reste à améliorer.. Changement de dates par exp",2026-01-19,tiks tiks,0,18.0.0
5,je suis content pour cette application ☺️,2026-01-19,Zakaria Bouzar,0,18.0.0
5,Des billets moin cher c'est bien merci,2026-01-19,Hamza Boureghdad,0,18.0.0
1,Sa marche pas,2026-01-19,Charef Tawfiq,0,
1,je n'arrive pas a faire la mise a jour pour pouvoir reserver!!!,2026-01-19,SELMA FOUDALA,0,18.0.0
5,j'ai toujours pris air Algérie tranquille koi,2026-01-19,Zinedine Tbahriti,0,18.0.0
5,bonne continuation,2026-01-19,Mohammed Regab,0,18.0.0
5,🥰🥰🥰,2026-01-19,houssem hamidatou,0,18.0.0
3,شكرا,2026-01-19,Abdou Djellali,0,18.0.0
5,bien,2026-01-19,Zinedine Sammari,0,18.0.0
4,"appli précise mais qui a quelques beugs cependant, surtout sur la catégorie état du vol en direct sinon appli pratique je recommande N'oubliez pas de bien garder les prix plutôt bas, je vous en remercie d'avance !",2026-01-19,Faïz H.,7,18.0.0
1,"pour le moment Elle ne fonctionne pas,c'est bizarre!?",2026-01-19,Faraman Skandar,0,
3,c'est bien,2026-01-19,Kenouni Rania,0,18.0.0
5,🤩🤩,2026-01-19,Mehadeji Laoussa,0,18.0.0
5,belle application,2026-01-19,rabah Yousfi,0,18.0.0
1,Impossible d'effectuer la mise a jour,2026-01-19,Rachid Seghir,0,18.0.0
5,elle est très utile,2026-01-19,Abdelkrim Okbi,0,18.0.0
4,tres faclie et efficace surtout l'application repond vite,2026-01-19,Mhammed Bghawa,0,18.0.0
5,super app,2026-01-19,Faris Kerbouche,0,18.0.0
5,top,2026-01-19,hamid Nenterre,0,18.0.0
3,satisfait,2026-01-19,Hakim Yakouben,0,18.0.0
5,Très bien,2026-01-19,Bouhal Hocine,0,
5,good,2026-01-19,Bourekba Ali,0,18.0.0
5,très bonne,2026-01-19,Lakhdar Lomani,0,16.0
5,très bien,2026-01-19,Berrabah Hamid,0,18.0.0
5,Top,2026-01-19,ENZO BEN,0,18.0.0
5,✌️,2026-01-19,mebarki yacine,0,18.0.0
4,très pratique,2026-01-19,Mehdi Sofiane Belhaoua,0,18.0.0
5,très bien merci,2026-01-19,Benaissa Bedroun,0,18.0.0
5,Une bonne application,2026-01-19,Ghaouti Dellal,0,18.0.0
1,il demende une update qui nexiste pas .il ne fonctione pas,2026-01-19,mohammed tahar Hassani,0,18.0.0
5,facile efficace,2026-01-19,Faloug Fa,0,18.0.0
5,Nice,2026-01-19,samir ait el hocine,0,18.0.0
3,Le site n'est pas à jour,2026-01-19,Oumehani BOURAHLA,0,18.0.0
4,c'est pratique et efficace,2026-01-19,kacemi mhammed,0,18.0.0
2,l'application ne fonctionne plus...,2026-01-19,Sya Shr,0,18.0.0
5,sa marche top,2026-01-19,Kamel Hanouh,0,
5,bonjour Merci aire Algérie,2026-01-19,Fares Nasri,0,18.0.0
5,RAS.,2026-01-19,Saad Zaidi,0,18.0.0
5,une application bien mais les prix trop élevé,2026-01-19,Habiba Amarrouana,0,18.0.0
1,Impossible d'ouvrir l'application après une mise à jour aujourd'hui 19 janvier !!,2026-01-19,Bel Kis,0,18.0.0
1,"je n'arrive pas a accéder a l'application il me demande de mettre la mise a jour, alors qu'il n y a aucune mise a jour",2026-01-19,Amine Hamidi,0,18.0.0
3,excellent,2026-01-19,ATTIA ABDELALI,0,18.0.0
5,bon courage,2026-01-19,fathi kamel,0,
1,الترقية للبرمجية الجديدة لا تعمل,2026-01-19,benzita mustapha,0,18.0.0
1,A failed app that doesn't work when you need it most.,2026-01-19,Azlaoui Aziz,0,18.0.0
5,transparence totale fixibillité pour tout les service,2026-01-19,Boughenama Abdelbasset,0,18.0.0
4,normal,2026-01-19,Mohamed LEKHEL,0,18.0.0
1,impossible de mettre l'application en service,2026-01-19,Adda Chentouf,0,
5,Très bien,2026-01-19,Sellami Khelifa,0,16.0
5,très bonne application,2026-01-19,Belhadj Bedredine,0,18.0.0
1,imparfait,2026-01-19,Rafik Oudghiri,0,18.0.0
5,Très bonnes services,2026-01-19,salim hamedi,0,
5,très bonne application,2026-01-19,Aklouche Mo,0,16.0
5,application utile et nécessaire facile a utiliser et surtout très pratique,2026-01-19,Debbah Lakhdar,0,18.0.0
5,bien,2026-01-19,Omar Benzohra,0,18.0.0
2,j'ai un bug ça me dit que la version que j'ai téléchargé n'est pas prise en charge or c'est la version la plus récente que j'ai téléchargé.,2026-01-19,Rayane Moussa,0,18.0.0
5,efficace,2026-01-19,Laouar Abdelkader,0,18.0.0
3,application pratique pour une réservation instantanée. le seul problème est le payement avec la carte postale dahabia. quand ça bug c la mère.,2026-01-19,halilmoh1,0,18.0.0
5,très bien,2026-01-19,Dah Maw,0,18.0.0
5,facile a acceder bonne promo,2026-01-19,Nabahat Benasid,0,
5,parfait 👍 👍 👍,2026-01-19,Najate Djelloul,0,18.0.0
5,j'arrive pas à accéder,2026-01-19,Malik Safi,0,18.0.0
4,ماشاء الله عليكم موفقين ان شاء الله,2026-01-19,Moi Brahimo31_22,0,
4,je n'arrive pas à payer,2026-01-19,Iyes Halim,0,18.0.0
5,belle application,2026-01-19,adel belaid,0,
3,je suis satisfait avec Air Algérie,2026-01-19,Hadj Latigui,0,18.0.0
3,je suis un client avec air Algérie et je voyage tout le temps avec eux depuis 20 ans,2026-01-19,Sadek El aktaa,0,18.0.0
5,j ai essayer,2026-01-19,Zine Eddine Mokrani,0,
5,top,2026-01-19,Amira Atm (Miroucha),0,18.0.0
5,je suis contante de air algerie,2026-01-19,Meguenni,0,18.0.0
5,bien,2026-01-19,Imane Ghendir,0,18.0.0
5,trs bien bravo l'équipe,2026-01-19,Knex Ever,0,18.0.0
5,b0nne application,2026-01-19,Mahmoud Kara,0,18.0.0
5,moyen,2026-01-19,Mustapha kamel Kherfi,0,18.0.0
5,راءع,2026-01-19,chahinez kenida,0,18.0.0
5,bien aplication pour rezrv,2026-01-19,yasser hamri,0,18.0.0
5,bien,2026-01-19,Saliha Accorsini,0,
5,good,2026-01-19,Dernani Sid-Ali,0,18.0.0
5,"les prix sont très chères pendant les vacances scolaires ,dommage j'ai voulu descendre avec mes enfants",2026-01-19,Nourredine La,0,18.0.0
1,تطبيق مميز,2026-01-19,Said Me,0,18.0.0
4,très bon app merci beuco,2026-01-19,Felous Hamid,0,18.0.0
1,comme d hab tout beug chez nous,2026-01-19,Alou Lou,0,18.0.0
1,l'application ne fonctionne plus depuis le 19/01/2026 sur téléphone Android,2026-01-19,Touhami HASSANI,0,15.0
5,très bien,2026-01-19,Lilia Demikha,0,18.0.0
5,pratique efficace,2026-01-19,Nabil Kellal,0,18.0.0
5,facile d'utilisation,2026-01-19,Rachid Maoui,0,18.0.0
5,efficace pour les réservations et suivi,2026-01-19,Biline Kukuyor,0,18.0.0
5,bien,2026-01-19,Hamza Melkia,0,18.0.0
5,bonne aventure,2026-01-19,Abdelali Achouri,0,18.0.0
2,l'application ne s'ouvre pas,2026-01-19,Ouahid Boubou,0,18.0.0
4,Très bonne,2026-01-19,فيصل تلمسان,0,18.0.0
5,"Je suis toujours fidèle à la compagnie Air Algérie, je suis très satisfaite.",2026-01-19,AMEL TIENTI,0,18.0.0
4,Génial,2026-01-19,Mostefa Benmerabet,0,18.0.0
5,j'aime toujours voyager avec la compagnie AIR ALGÉRIE,2026-01-19,Abdesselam Metai,0,18.0.0
5,good,2026-01-19,Adel Batni,0,18.0.0
1,ne fontionne pas nul nul nul nul,2026-01-19,G KA,0,18.0.0
5,ممتازة,2026-01-19,Mohamed Malecabdou,0,18.0.0
5,Cette application nous rendre un grand cervice,2026-01-19,Tayeb Belaid,0,18.0.0
4,facile à utiliser,2026-01-19,Ranya Ben,0,18.0.0
1,application obsolète,2026-01-19,Laroui Hamid,0,18.0.0
1,énormément de bug,2026-01-19,Nissa Bsdbz,0,18.0.0
5,جيد جدا,2026-01-19,Melec Mimi,0,15.0
5,excellente,2026-01-19,zawali w fhal,0,18.0.0
5,bonne,2026-01-19,Farouk El bey,0,18.0.0
5,parfait,2026-01-19,ali hammadi,0,18.0.0
5,efficace,2026-01-19,Dhora Ghimouze,0,18.0.0
5,تطبيق جد فعال,2026-01-19,medjaouel mounir,0,18.0.0
4,très bien de puis 2 ans,2026-01-19,MOHAMMED KHODJA,0,18.0.0
5,bonne,2026-01-19,Kamel Lahouali,0,18.0.0
1,exelelent,2026-01-19,Sofiane Hamdi,0,
5,très facile très clair et répond rapidement et très pratique bravo,2026-01-19,RAOUF,0,
1,l'appli ne fonctionne plus demande mise a jour et aucune mise a jour n'est disponible,2026-01-19,Yacine MIZI OUALLAOUA,0,18.0.0
5,très bonne,2026-01-19,houda houda,0,18.0.0
1,ne fonctionne plus,2026-01-19,Med-said,0,18.0.0
5,ماشاء الله,2026-01-19,Mehdi Chelihi,0,18.0.0
4,rien a signaler tout est parfait,2026-01-19,Lal Elhadi,0,18.0.0
5,top,2026-01-19,ALI KHALDI,0,18.0.0
5,satisfaite,2026-01-19,Latifa Saad,0,18.0.0
3,bien,2026-01-19,Mokhtar,0,18.0.0
5,توب,2026-01-19,Fadia Ladouli,0,
5,très bien,2026-01-19,Moi Moi,0,
1,la plus mauvaise compagnie aérienne.,2026-01-19,Samir,0,18.0.0
5,Application facile et efficace,2026-01-19,Reda Rahou,0,18.0.0
5,très bien,2026-01-19,Soraya Rouainia,0,18.0.0
5,Vive AIR ALGÉRIE,2026-01-19,RACHID,0,18.0.0
5,top,2026-01-19,Rabie Mendaci,0,
5,good 👍,2026-01-19,Larbi Bouarba,0,
5,Une bonne application,2026-01-19,Ines 23,0,
5,ok,2026-01-19,Yesli Abdenour,0,18.0.0
4,très bien,2026-01-19,Bachir BOUKRIKA,0,18.0.0
3,👍,2026-01-19,Zelikha Benziada,0,18.0.0
5,parfait,2026-01-19,Valerie Boukort,0,18.0.0
2,j'arrive pas à installer la nouvelle application,2026-01-19,Amel Bouzid,0,
5,ممتاز,2026-01-19,Medroub Elhadj,0,
5,جيد,2026-01-19,Abderrazak Bouakkaz,0,
3,bien,2026-01-19,anis aouissi,0,18.0.0
1,ok,2026-01-19,Nissa Bn,0,18.0.0
5,je voyage toujours avec air Algerie franchement je suis très satisfait,2026-01-19,Farida Farida,0,
4,bien,2026-01-19,kamel tchella,0,
3,correct sans plus,2026-01-19,Aideli Karim,0,18.0.0
1,elle marche pas elle demande une mise à jour mai ya pas,2026-01-19,othmane smahi,0,18.0.0
5,satisfaite,2026-01-19,Kellou Amel Saina,0,18.0.0
1,N'est pas simple,2026-01-19,Nathan YD,0,
5,ok,2026-01-19,AQUA ENGINEERING CENTRE,0,
5,good and easy usage,2026-01-19,Hamza Bougandoura,0,18.0.0
5,correct,2026-01-19,Ad Hoc,0,18.0.0
1,impossible d'ouvrir Envoyé,2026-01-19,drmtrans drmtrans,0,18.0.0
5,اغلا تذكرة فالعالم,2026-01-19,Toufik Falek,0,18.0.0
4,"bonjour, pourquoi je n'arrive pas utilisé l'application, ça me met surclassement et aucune mise a jour disponible svp?",2026-01-19,Malcolm X,0,18.0.0
4,👍🏻👍🏻👍🏻,2026-01-19,Nado Chocho,0,18.0.0
5,bien,2026-01-19,Djibril AMADOU-ALI,0,18.0.0
4,bien,2026-01-19,Coiffeur Montchovet,0,
5,bien merci,2026-01-19,Farid Hafsa,0,18.0.0
5,j'aime bien 👍,2026-01-19,Samir Kraimia,0,18.0.0
5,rien a dire top,2026-01-19,Demini Naziha,0,18.0.0
1,"impossible d accéder a la réservation. ne cesse de faire qu il faut télécharger la nouvelle mise a jour. ce que j ai fait au moins,20 fois et rien n y fait. impossible de réserver",2026-01-19,FATHAMM,0,18.0.0
1,ou se trouve la mise à jour ??,2026-01-19,MENZER Djamel,0,18.0.0
5,pas mieux que air Algérie,2026-01-19,Farid Houamed,0,18.0.0
5,bonne,2026-01-19,Badreddine Elbir,0,18.0.0
5,ça va en générale,2026-01-19,Nab Nab,0,18.0.0
5,c'est une très belle application que j'utilise pour toute la famille,2026-01-19,HAFID Bouchetika,0,18.0.0
4,très utile et pratique.esperant que prochainement on aura l'occasion pour s'inscrire dans la liste d'attente,2026-01-19,KISMILE KISMILE,0,18.0.0
1,pire application de l'univers !,2026-01-19,Lynda Malek,0,18.0.0
5,bien,2026-01-19,Wafa Bouhdid,0,18.0.0
3,très bon,2026-01-19,Rahmouni Nassim,0,
1,l'application ne marche pas,2026-01-19,Ali Benabbas,0,18.0.0
5,"Cette application m'aider beaucoup pendant mes voyages, soit intérieurement ou a l'étranger. Félicitations à vous.",2026-01-19,Bilel Kara,0,18.0.0
5,❤️❤️,2026-01-19,Ilyes Benchiekh,0,18.0.0
5,bien hmdlh,2026-01-19,Ahmed hazem Charif,0,18.0.0
5,fort .confiance,2026-01-19,A Ladaouri (“A lada”),0,18.0.0
1,service médiocre,2026-01-19,GRINE ARCH,0,18.0.0
5,excellente application,2026-01-19,Malone Magdan,0,18.0.0
5,Bonne,2026-01-19,Zoubir Boulahbal,0,18.0.0
5,good,2026-01-19,Fouad Berrengal,0,18.0.0
5,impi câble,2026-01-19,Mourad Hamahmi,0,
5,très bonne app,2026-01-19,Samir Mameri,0,18.0.0
4,Bien 👍,2026-01-19,Farid Chennaf,0,18.0.0
1,top de top,2026-01-19,ABDENNOUR Herarsi,0,18.0.0
4,🥰,2026-01-19,Amani Sara Djebbour,0,18.0.0
5,❤️🇩🇿,2026-01-19,Boughella Lynda,0,18.0.0
5,"pas mal, problème des remboursements.",2026-01-19,merouane zaz21ms,0,18.0.0
1,on a pas de développeurs compétents en Algérie ?,2026-01-19,idris ichallal,0,18.0.0
5,good,2026-01-19,Biskri Laid,0,18.0.0
5,c'est bon,2026-01-19,Sunrise Tour,0,18.0.0
4,شكرا,2026-01-19,yacine,0,18.0.0
5,Bien,2026-01-19,Hdvvdvf Dbhegr,0,18.0.0
5,magnifique accueil.,2026-01-19,medini belili,0,
2,"J'entre dans l'appli aujourd'hui et elle ne veut plus donner pourtant ça marchait hier, on me fait comprendre qu'il y'a surclassement que je dois faire la mise à jour et étrangement il n'y a aucune mise à jour. moi je dois voyager dans 4 jours cmt faire mtnt",2026-01-19,Will Léandre,0,18.0.0
5,très bien,2026-01-19,Amina Benharrat,0,18.0.0
1,l'application propose une nouvelle version qu'on arrive même pas à télécharger,2026-01-19,nassima hamache,0,18.0.0
5,شكرااااااا,2026-01-19,Chaker Charf eddine,0,18.0.0
5,très belle,2026-01-19,Mounir Djerboua,0,
5,très bonne,2026-01-19,Mohammed Bellahsene,0,18.0.0
5,une application tres efficace,2026-01-19,Fawzia,0,
4,ok,2026-01-19,BEDDIAF Brahim,0,18.0.0
3,best,2026-01-19,Abdou Mraval,0,18.0.0
5,bien,2026-01-19,mohamed adel abaidi,0,18.0.0
1,trop cher les billets pour 2 heures de vol le système de réservation est trop compliqué,2026-01-19,bounia akim,0,18.0.0
1,Sous le slogan، c'est toujours en retard.,2026-01-19,Amin Bouchelita,0,18.0.0
5,very nice,2026-01-19,Lahcen Roukas,0,
5,très bien,2026-01-19,haffaf aimen,0,18.0.0
1,trop compliqué,2026-01-19,Ahmed Mehaddi,0,18.0.0
1,ne fonctionne pas. demande surclassement.,2026-01-19,Oussama Moulana,0,
2,Parfois on veut acheter un billet sur l'application ça passe pas le paiement et pour récupérer votre paiement c'est une galère c'est décevant mes salutations.,2026-01-19,Regani Med salah,0,18.0.0
5,très bien,2026-01-19,Mamar Benbrik,0,18.0.0
5,شكرا جزيلا,2026-01-19,Menad Zohir,0,18.0.0
5,très bonne expérience toujours fidèle,2026-01-19,kheira metidji,0,18.0.0
1,"me dit que cette appli ne fonctionne plus , en rouge il y a marqué SURCLASSEMENT , j'ai désinstallé et réinstaller, toujours pareil",2026-01-19,Aissa T,0,18.0.0
1,"ne s ouvre pas , surclassement ?dommage",2026-01-19,karim benstaali,0,18.0.0
5,parfait,2026-01-19,Youssef Kebbi,0,18.0.0
5,"Depuis que j'ai installe cette application, je reserve avec beaucoup de facilite. Elle me permet aussi de chercher et trouver le meilleur tarif. Vraiment tres utile.",2026-01-19,Ammar BOUNAAS,6,18.0.0
1,Disfonctionnement flagrant de l'application,2026-01-19,Kassouara Kassouara,0,18.0.0
5,magnifique,2026-01-19,lyes lyes,0,18.0.0
5,excellent,2026-01-19,Rhim GaZelle,0,18.0.0
4,très intéressant,2026-01-19,SLIMANE CHABANE,0,18.0.0
5,bien,2026-01-19,Faycal Aissaoui,0,
4,très pratique et facile d'utilisation,2026-01-19,neila elhaouari,0,16.0
5,bien,2026-01-19,rafik,0,
5,excellente application,2026-01-19,Noufal Bourada,0,
5,application facile sa nous permets d’acheter le billet qu’on veut merci beaucoup,2026-01-19,Djahida Bouzaroura,0,
5,très belle application,2026-01-19,youcef hocine,0,18.0.0
1,On ne peut pas se connecter. Je ne comprend pas.,2026-01-19,Cheikh Fatima,0,18.0.0
4,bonne expérience pas de problème.,2026-01-19,Hak Kima,0,18.0.0
5,bien,2026-01-19,Gueneau Jean Pierre,0,18.0.0
3,ok,2026-01-19,klaa toumi,0,18.0.0
5,تجربة ممتازة,2026-01-19,roua roua,0,18.0.0
5,good 👍,2026-01-19,Bacha Benbachi,0,11.0
5,bien,2026-01-19,salim mehamsadji,0,
4,fonction parfaitement mais ils manque beaucoup d'option,2026-01-19,mourad mekhtoub,0,18.0.0
4,parfait,2026-01-19,Aici Akim,0,18.0.0
1,"Cette application marchait très bien, là on me demande de mettre à jour et voilà qu'elle ne fonctionne plus",2026-01-19,Nadia Bouhenaf,0,
5,Satisfait,2026-01-19,Brahim Latrache,0,
5,très bien 👍,2026-01-19,Yazid Hamdi,0,18.0.0
4,Good,2026-01-19,Ahmed Chaouki,0,18.0.0
5,good app,2026-01-19,bkakchi elkhier,0,18.0.0
5,مليح يخصكم تزيدولنا كيفاه نبدلو الحجز في التطبيق,2026-01-19,Samir Zennani,0,18.0.0
5,good,2026-01-19,Athmane Charifi,0,18.0.0
5,bonne application,2026-01-19,Seddik B,0,
5,pratique sécurisée,2026-01-19,Rafik AZIZI,0,18.0.0
3,bien mais très lente et des fois elle beugue,2026-01-19,Hamza Tlili,0,18.0.0
5,air Algérie ma compagne préfère merci beaucoup,2026-01-19,Seghir Mostafa,0,18.0.0
3,حسنة,2026-01-19,Bensaadoune Tayeb,0,18.0.0
5,top très facile à utiliser et très pratique,2026-01-19,Lotfi Hemiani,0,18.0.0
5,bien,2026-01-19,Mohamed Benkortbi,0,18.0.0
4,application simple et facile à utiliser.,2026-01-19,Fouzia Tahar,0,18.0.0
1,impossible de faire la mise à jour,2026-01-19,Hakima BENIDIR,0,18.0.0
5,شكراً لكم,2026-01-19,Chergui Fayçal,0,18.0.0
5,bonne,2026-01-19,Mohamed Bekhti,0,18.0.0
5,Très mauvais,2026-01-19,Ouss Ben,0,13.0
5,très facile et efficace surtout l'application répond vite,2026-01-03,momo youn,163,18.0.0
1,I biglietti sono costosi e l'aereo non parte in orario 🙄,2026-01-02,Ang Ela,0,
5,"Excellent travail, cette application nous a aidé",2025-12-30,Hichem Meddahi,0,18.0.0
1,تطبيق فاشل,2025-12-27,Anas Svr,0,
4,très belle,2025-12-26,khelifa abour,0,18.0.0
1,"Impossible de modifier un vol ou d’avoir de l’aide, cette application est une honte !",2025-12-19,CANADA-AMS,124,18.0.0
5,agréable,2025-12-13,Nabil Khalfouni,0,16.0
1,أسوء خطوط جوية على الإطلاق، لا إحترام للمواعيد، ولا إحترام للزبائن. 😡😡😡😡😡,2025-12-04,Youcef Mahboub,0,16.0
5,très bien merci beaucoup,2025-11-28,Djenidi Benhouili,0,17.0.0
2,les prox sont catastrophique,2025-11-23,BELGAID KARIM,0,18.0.0
3,normal,2025-11-18,عبد الحق صلعة,0,
1,"on dirait une application faite par des amateurs de programmation, fonctionne rarement beug souvent, amateurisme débile et enfantin pour une si grande compagnie, ils feraient mieux de porter des nez de clown au lieu de leurs cravates",2025-11-18,Bruno Ben,3,17.0.0
5,Une application fonctionnelle . les prix proposés sont très élevés même en période creuse.,2025-11-16,Djamel Paris,134,17.0.0
1,"l’application ne marche pas, elle bloque au moment du paiement, vous avez débité la somme par contre rien reçu, et pas de remboursement a l’instant!",2025-11-14,Sarra Drani,25,17.0.0
1,خدمات سيئة جدا تتم خصم المبلغ للزبائن بدون تعويض من الشركة,2025-11-13,Sami Amir,1,17.0.0
5,très bon accueil et service un peu la nourriture,2025-11-05,mokrane fadila,4,17.0.0
5,زمه,2025-11-05,Réparation téléphone Portable dz,0,17.0.0
1,rien ne fonctionne dommage,2025-10-30,Safi Sabrina,1,16.0
5,روعة,2025-10-29,Amar Hadidi,0,16.0
1,Le montant de ma reservation a été débité de mon compte alors que l'application m'a affiché difficulté pour valider le paiement !!!,2025-10-28,Houda Benmicia,1,16.0
1,l'application ne marche pas tout le temps erreur erreur c'est nul,2025-10-26,Amin Hako,1,
1,putting c nil vote application de merge,2025-10-18,Saliha Bendjerba,1,
1,في حال إلغيت الرحلة لا يتم تعويضك,2025-10-12,Belbachir Mohamed El Amin,1,16.0
2,"Pas très pratique, pour changer de date, rajouter un bagage supplémentaire. Pour les réservations il n'est pas tres intuitif.",2025-10-12,Vindex Vindicem,0,16.0
5,bin,2025-10-11,abdhman haarkat,0,16.0
5,nice,2025-09-29,Seifeddine Guerdi,0,16.0
1,crap compagny,2025-09-28,Wenja Wenjaby,1,
3,"La fonction ''jours flexible'' ne semble pas marcher lors d'une recherche.Au jours choisis,si il n'y pas de vols un message d'erreur s'affiche et il faut revenir en arrière et tout recommencer. Le pire bug = dans son suivi de vol il est indiqué ''l'enregistrement FERME dans 3 heures par exemple alors qu'il devrait indiquer=OUVRE dans 3 heures. la fonction est inversée🤦.",2025-09-28,Emmet Brown,9,16.0
1,برنامج فاشل,2025-09-25,belmokeddem abdelhak,1,16.0
5,gig,2025-09-16,Redouane Benyoucef,0,11.0
1,tarif trop chère,2025-09-09,hakos gat,1,16.0
1,أسوء شركة نقل جوي في العالم من كل النواحي ،التأخرات الدائمة تصل إلى 24 ساعة ،المعاملة الرديىء من طرف العمال . و كل هذا و بدون أي مبررات من الشركة الله يذلكم,2025-09-08,Tî Fô,1,16.0
1,تطبيق باءس مثل الشركة ...والله يجعل عيشتنا في لبلاد كفارة,2025-09-08,عقبة ابن نافع,1,16.0
5,excellent,2025-09-08,Hssen Babaslimane,0,16.0
1,No voy a volver a reservar con ésta Compañía es la última vez con el tardar que tiene para mi no sirve para nada,2025-09-06,Fatiha Ait Ammar,1,
4,Cool,2025-09-05,manal antri,0,15.0
1,"La pire compagne aérienne des tout les temps des très grands voleurs et de plus ne sont pas professionnels. Je me pose la question pour les prenne leurs vol avec eux. J'ai réservé business classe 15h20 vol annulé, remplacer avec un autre à 18h20 et en plus m'ont donné une place économique et la meilleure le vol il à fait retard de 2 h . ils m'ont pas donné l'attestation du retard et de déclacement et je ne suis pas remboursée..",2025-08-31,SELMANI Mohamed,7,16.0
5,ماشاءالله .مزيد من التقدم والشفافية. خاصة العروض,2025-08-25,Djawad Kadar,0,16.0
5,شكراً ❤️,2025-08-23,Amino mino Amin,0,
1,c'est peut être le moment de régler l'application,2025-08-21,Abdelghani Boutouaba,1,16.0
1,"L’application est difficile à utiliser. Cela fait deux jours que j’essaie de réserver, mais je n’arrive pas à accéder à la page de paiement. Merci de corriger ce problème.",2025-08-18,Abdallahi Lbs,2,
4,تطبيق جيد,2025-08-11,Djillali Zaidi,0,
1,"sévices pas à hauteur , vol aujourd'hui depuis Oran , arrivée à bord de l'avion je trouve les 5 places réservé pour ma famille occupés par d'autre passager , je fais réclamation aux chef de cabine, il me dit qu'air algerie ne fais pas le seating, ( places réservés depuis 3vmois ) dommage l'anarchie demeure et rien ne change.",2025-08-10,A. JEWEL,10,16.0
5,تطبيق جيد,2025-08-07,Bouharaoua Abderrahim,0,16.0
5,صدق والمصدقية,2025-08-06,MohaMed 3aSsali,0,
1,application bien mais le service de la companie air algérie est nulle tjrd des retards dans les vols surtout les vols à destination du sud ain salah touggourt tamanrasset 🤬😡😡,2025-08-06,Abdellatif Bouiba,1,
1,Bonjour connaître les vols davion prix à partir du 15 Août,2025-08-05,mokrane talmat amar,1,16.0
5,bonjour très bonne compagnie le repas le meilleur de tous les compagnie et aussi l'accueil,2025-08-03,nordini rahmi,1,16.0
3,peut faire mieux,2025-08-02,Tayeb Hariche,0,16.0
4,good,2025-08-01,Abdelhamid Hammoudi,0,15.0
5,magnifique,2025-07-30,Amar Errachidi,0,
5,parfaite,2025-07-25,Abou alaz zizou,0,16.0
5,très bonne,2025-07-20,Mohammed Mabrouki,0,
5,formidable,2025-07-20,Salima Berkani,0,16.0
5,très bien,2025-07-14,Fatiha Tahraoui,0,
1,"peut être décaler de 2H chaque vol pour éviter les ""retards""",2025-07-13,Firtox,1,16.0
1,تطبيق سيء للغاية لا يعمل في كثير من الأحيان يتوقف فجأة لا أنصح به,2025-07-09,bassem bassem,1,16.0
5,bon application,2025-07-08,Khaled Seghir,0,16.0
5,Good experience,2025-07-01,Yasmina Yasmina2,0,16.0
5,bon accueil,2025-06-24,Rachid Ouadah,0,
1,"bonjour, vos prix sont à vomir c'est pas tout le monde qui peut voyager avec vous. franchement depuis des années vous plumez les gens, avec vos prix je peux aller au Etats Unis et en plus moins cher que vous. vous prenez les gens pour des pigeons.",2025-06-21,Ouahed Ouahdou,1,
4,👍🏻,2025-06-20,Kader Toufik,0,13.0
1,والله مايصلح....راني متمني نشوف حاجة مليحة في بلادي,2025-06-17,Bennaoum Brahim,1,16.0
1,ayaa la matinée dkhalt nchouf elle marche bien l'application mais le site marche pas 23h dkhalt n confirme le vol dyali application marche pas le site marche pas,2025-06-14,Salim Exagoal,2,16.0
4,جميل جدا,2025-06-14,Louza Louza,0,16.0
5,مقبولة إلى أبعد الحدود 7/10,2025-06-14,Med Mera,0,
5,bonne application,2025-06-13,Sofiane Sofiane,0,
1,Comme d'hab c'est patience et longueur de temps.... panne maintenance identifiant inconnu et Algérieplus par mail c'est le vide sidéral...,2025-06-13,Parisienne,1,16.0
1,لا استطيع رؤية تواريخ التذاكر التطبيق ثقيل,2025-06-13,Nidal royal,1,
5,chaba bezafe,2025-06-12,daho Benyakhou,1,16.0
5,Top,2025-06-08,Moussa Hamzaoui,0,16.0
5,magnifique,2025-05-28,Mellak Mohamed,0,16.0
1,Est ce que quelqu'un sait comment on ajoute des bagages dans cette appli ou sur leur site ? Aucune indication On peut ajouter des bagages dans notre réservation ou pas ?,2025-05-22,Ahlem Melkia,8,16.0
1,"9 heure de vol vers les les États-Unis, à 350€ vers l'Algérie à 400€une compagnie de voleurs.",2025-05-20,وطني الغالي,1,
5,hamdoul'Allah,2025-05-20,yenna19 malika,0,16.0
1,c est nul impossible d y avoir acces,2025-05-17,Youcef Zaidi,1,16.0
5,diable MACHAA ALLAH,2025-05-15,OTMANE Djamel,0,
5,Bravo pour cette application الحمد لله رب العالمين,2025-05-14,Mahmoud Bnou Hassane,0,16.0
5,جيد جدا,2025-05-07,Abdou Yagoubi,0,
5,super application,2025-05-04,Zohra Boubekri,0,15.0
5,ممتاز,2025-05-03,جوعاك عبد الكريم,0,
5,ماشاء الله وبركاته,2025-05-02,Nadira Cheurfi,0,
1,"application inutile, c'est des voleur, il m'ont enlever le montant d'achat billet electronique en deux fois sans rembourssement",2025-04-30,Fares REZIG,6,16.0
5,super,2025-04-29,Seif Eddine Zerfa,0,15.0
4,bien,2025-04-29,M YAKOUBI,0,
5,very nice,2025-04-28,Zaki Sadine,0,15.0
5,ok,2025-04-27,Sido Tlm,0,13.0
1,اسوء معاملة الي فارغ الشغل اروح مهاهم ابداها من حجز التذكرة والمعاملة ...,2025-04-26,lg soumia,1,
1,اسوء طيران تعاملت معاه,2025-04-25,nasreddine mrah,1,16.0
3,peut mieux faire,2025-04-21,Malik Youcef,0,16.0
5,top,2025-04-17,Samira Smiro,0,15.0
5,excellente,2025-04-16,nassima zekri,0,15.0
3,مرضية,2025-04-16,Ratiba 1262,0,15.0
5,bien,2025-04-15,Sil Ya 16,0,15.0
3,l'agence opéra paris ne répond jamais au téléphone 😕 et pourquoi avoir retiré les 5kg avec la carte Djudjura ???,2025-04-15,hayet biri,0,
5,magnifique,2025-04-14,katene madani,0,16.0
1,اسوء تطبيق شفتو في حياتي و لا انصح اي انسان ان يستعمله,2025-04-12,Hammadi Abd nacer,1,
5,good,2025-04-12,Okba Okba,0,15.0
1,"Vous devriez améliorer vos services, notamment la réponse aux appels. Je vous ai personnellement contacté mais je n'ai reçu aucune réponse. Une entreprise mondiale comme vous, mais qui ne traite pas ses clients de la même manière. Avec tout le respect que je vous dois, cela porte atteinte à son professionnalisme.",2025-04-12,Walid Charaf,6,16.0
3,لباس راكم في تحسن,2025-04-12,youcef rou,0,16.0
4,excellent,2025-04-12,abdallah loucif,0,15.0
5,supper application,2025-04-11,Rocky bitco,0,15.0
5,vive air Algérie,2025-04-11,Hadi Hafsi,0,15.0
2,i cannot book on the app..just bugging,2026-02-25,books books,0,
1,لقت قمت بالحجز وتم الدفع لاكن لم يكتمل الحجز عندما قمت بالتصال بالخطوط الجوية الجزائرية قالو هناك خطء في النضام وعليك طلب تعويض المبلغ الذي دفعت عبر موقع الخطوط الجوية الجزائرية العملية جد معقدة وقد تستغرق عدة اسابيع حتى يمكن استرداد قيمة التذكرة الى حد الان لم استرد المبلغ لحسن الحض كان لدي كاش اي مال اضافي لشراء تذكرة اخرى من وكالة سياحية للاسف انا ضحية الرقمنة في الجزائر الجديدة,2026-02-25,Boukhemis,0,18.0.0
3,Good,2026-01-23,BELHOUT KHIREDDEINE,0,18.0.0
5,خدمات مميزة جداً,2026-01-20,Abde nacer Khedimou,0,18.0.0
1,"I installed the latest version 18.0.0 but it keeps saying ""This version is no longer supported you should upgrade to the latest version"" when opening the app ...",2026-01-19,Younes Ammari,0,
1,"The app isn't working properly. It asks for an update, but there is no update available lol",2026-01-19,Mahdi Bensmaine,0,18.0.0
1,impossible to upgrade,2026-01-19,Aiouaz Allaoua,0,18.0.0
3,i used it before and it was amazing but today i'm trying to check in my flight . I don't know where is the problem keep asking for upgrade ?!,2026-01-19,Imen Ben seghier,0,18.0.0
3,"the application is asking me to make upgrade, when I go to play store I find myself running the latest version, please find a solution to this issue",2026-01-19,Baba Mohamed,0,18.0.0
5,Good,2026-01-19,alger london,0,18.0.0
5,رائع,2026-01-19,rabie farah,0,18.0.0
4,very good,2026-01-19,rachid BR,0,18.0.0
1,app needs an upgrade thats not even available!!!,2026-01-19,Binnie B,0,18.0.0
1,very bad,2026-01-19,Fatima Messaoudi,0,18.0.0
1,اول واجهة لشركة الطيران هي التطبيق أو الموقع الخاص بها يعني من المفروض يكون حاجة احترافية بصح لاحياة لمن تنادي تسلك يروحو صوارد وبيي مكانش,2026-01-19,Abdenour Khoualfia,0,
2,"l'app est déjà a jour mais je n'arrive pas a l'utiliser, un message pour la mettre a jour s'affiche d'une maniere forcé et empeche carrement l'utilisation de l'app. impasse",2026-01-19,Wade Xavier,0,18.0.0
4,good,2026-01-19,Moustafa Ajdirr,0,18.0.0
1,this application is not working. always asking for upgrade and not upgrading,2026-01-19,Toufik Benouannane,0,
4,Very good,2026-01-19,Assassi Loubna,0,18.0.0
5,it's helpful App,2026-01-19,guemaoun rachid,0,18.0.0
1,I am uprrading it's giving me same message,2026-01-19,NADIA,0,18.0.0
1,L'application me demande de faire une mise à jour puis elle m'empêche d'y accéder. Sauf qu'aucune mise à jour n'est disponible sur Google,2026-01-19,Tayeb A.,0,18.0.0
5,تطبيق عملي و مفيد جدا مزيدا من النجاح و التفوق ان شاء الله,2026-01-19,Taha Rachid,0,18.0.0
1,Where can I find the latest version?,2026-01-19,ABDENNOUR MELIHI,0,18.0.0
1,I've been shown a screen saying that this version is no longer supported. I just downloaded the app off of PlayStore. 😅,2026-01-19,AYYOUB “BOB” HAMTAT,2,18.0.0
1,The worst app in the world... It doesn't show real prices and is incredibly slow.,2026-01-19,Mohamed Honda,0,
1,very bad,2026-01-19,Jardi Fitness,0,10.0
5,top,2026-01-19,nacer-eddine DJ,0,18.0.0
1,good,2026-01-19,Samir Ghettas,0,18.0.0
5,It good,2026-01-19,Imad Imad,0,18.0.0
1,تطبيق تدخل فيه يدومندي الميزاجور كي تدخل ياه دير مزاجور متلقاش,2026-01-19,zizo zr,0,
5,Very good. Keep up the good work.,2026-01-19,abdelmalek boudoukha,1,18.0.0
5,is very nice company,2026-01-19,S - Z,0,18.0.0
1,not easy to download,2026-01-19,Zoubir Boudjema,0,
5,very good application,2026-01-19,Meriem Oumlergab,0,
4,good,2026-01-19,allaoua saad,0,18.0.0
5,Good application,2026-01-19,yaakoub kahia,0,18.0.0
5,wow,2026-01-19,fathallah dehmani,0,18.0.0
3,Ok,2026-01-19,mohamed amine Afraoucene,0,18.0.0
5,أفضل خطوط جوية جزائرية 🫆,2026-01-18,Fateh Kouidri,0,
1,Useless app. This app don't work properly. I spent hours trying to book a flight. checkin dont work as expected. sometimes it shows ready for checkin but when you click on checkin it doesn't go anywhere.,2026-01-08,Zak Aroui,6,16.0
5,perfect,2025-12-29,Shayma Benoumessad,0,18.0.0
5,super,2025-12-26,daoud belattar,0,
1,اسوء تطبيق لأسوء شركة طيران في العالم,2025-12-17,Hachani Galorini,1,18.0.0
1,médiocre,2025-12-14,Multi Recorder,0,
3,my app is not working,2025-11-24,Asma Khaouani,1,18.0.0
1,"كأنك تتعامل مع تطبيق يذكّرك بأنك زبون من الدرجة الثانية. تدفع مالك، ومع ذلك يعاملك وكأنك تتسوّل الخدمة بدل أن تشتريها. تجربة ثقيلة، فيها شيء من الإهانة أكثر مما فيها من شراء تذكرة. --- On dirait une application qui te rappelle que tu n’es qu’un client de seconde zone. Tu payes, pourtant on te traite comme si tu quémandais le service au lieu de l’acheter. L’expérience a un goût d’humiliation plus qu’un simple achat de billet.",2025-11-15,Ahmed Mekaoucha,10,17.0.0
1,I don’t understand why I have to install the app if it still transfers me to Chrome when I want to log in to my account. It’s inconvenient and defeats the purpose of using the app.,2025-11-08,mst ami,13,17.0.0
1,ثلاث مرات حاول ان اشتري تذاكر به لكن بسبب اخطائه تم سحب مبلغ التذاكر بدون الحصول عليها حتى ! قدمت شكوى و مر حوالي 10 ايام بدون رد !,2025-10-27,احمد كلغلغ,2,
1,زبل,2025-10-15,Mohammed Ridha,0,16.0
1,awful app just like your company,2025-10-05,Digital Nomad,0,16.0
1,سراقين يعرفو يديو الدراهم بصح باه يخدمو خدمتهم و يمدولك ticket تاعك لالا,2025-09-30,Slimane Beldjatit,0,16.0
5,Very good app & good services !! Thank you Algeria 🇩🇿,2025-09-03,Seif Hakimi,7,16.0
1,"When i see the week table it shows that there are available flights, when i go to the booking interface it says there are none!",2025-09-01,Nibal Dahlab,0,16.0
1,"Ya zébi vous n'êtes même pas capable de gérer une simple application en 2025,c'est grave.Quelle honte !!!",2025-08-29,Pierre Haniche,0,16.0
2,"La compagnie essaye de se développer, la stratégie ne semble pas adéquate, rien n'avance, le service personnel à bord est moyen, la politique de recrutement à revoir. Je comprends que notre fierté d'être algériens peut parfois nuire à notre personne plus qu'elle la protège, en étant fatigués, certains stewarts peuvent se comporter violemment et précipitamment sans raisons, mauvaise expérience vol Pékin Alger 2 juin. (même les chinois à bord de nos avions ont le droit d'être bien traités!).",2025-08-29,Zineddine BOULKEDRA,0,
1,the worst travel experience ever they will delay your flights and treat you like an animal if you were in a well known county they will use you to transport animals but not humans,2025-08-28,Lom,0,16.0
2,vous n'êtes même pas fichu de bien mettre en place une application comme tout le monde,2025-08-09,Wafa Illoul,0,16.0
1,اغلب الرحلات مكانش ، غياب الحجز المسبق ، المعلومات غير دقيقة,2025-07-28,Youcef,0,
1,worse airline experience with them,2025-07-15,Zacharia Utang Azah,0,16.0
1,احترمو وقت الرحلات,2025-07-12,Sifou Bavari,0,16.0
1,Absolutely worse experience bad service I ever had both on app and staffs at the airport. I can never use this service again. air algerie Absolutely trash. teach your staffs proper customer service.,2025-07-07,Mbeng Boris,9,16.0
1,"worst experience ever. many delays on local flights with no respect to the clients. they didn't even apologise to the passengers. also, the crew is too rude and unprofessional",2025-07-01,chems eddine Baghana,12,16.0
1,"the most traumatising experience of your life is trying to travel with this company, run and don't look back",2025-06-27,FAROUQ BRIKI,3,16.0
5,good service,2025-05-31,Hamoudi Benmoussa,0,13.0
5,good,2025-05-21,Omar se,0,
1,"Dont fly with this company never especiallyif you are tourist. We had tickets, came on time, and they disnt want to check in us fot the flight they said it is overbooked and they left us alone at the airport because they resold the ticket to other people without any alternative. And next available flight was in few days ahead.",2025-04-12,Nikolas Stankovidis,23,16.0
1,no price no time no information in this app !! why u creat an app which gives nothing plus ??????????,2025-04-08,The Gentelman,4,16.0
1,"Vol AH1004 d'Air Algérie du 4 avril 2025 raté à cause d’un changement de porte non annoncé. Personnel impoli et non professionnel, refusant toute aide. J’ai dû payer 200 € pour un vol de remplacement AH1012, retardé de plusieurs heures, et j’ai raté mon train à 22 €. Je demande le remboursement du billet et du train, ainsi qu'une indemnisation pour le préjudice subi. À éviter ! je donne une étoile car je ne peux pas faire moins !!!",2025-04-06,Amel bouayad,0,16.0
1,the slowest application on the Play Store,2025-04-01,mohamed azzoune,1,15.0
1,افشل برنامج في التاريخ لا صدق لا مصداقية ، ثقيل، غير واضح، ما يكملش الاجراءات، يعطيك خيارات و يحتكملك واش حابين هوما,2025-03-20,HADJ AISSA IMED EDDINE,0,15.0
1,جامي دخلت و لقيت تذكرة متوفرة، تطبيق فاشل,2025-03-15,and roid,0,
4,Air Algérie est devenu mieux qu'avant ! merci !,2025-03-09,Fayçal Benkhira,1,15.0
1,تطبيق سيء معاملة سئ ، واسعار خيالية من الخارج ، استغلال,2025-03-08,abde Lnc,1,
1,اسوء شركة طيران الغاء رحلات في اخر لحظة,2025-03-01,mohammed lamine,0,
1,"A very bad app, not convenient at all.🤢🤢🤢🤮🤮🤮🤮",2025-02-19,Satro,2,15.0
1,"My flight date was changed without any notification—I received neither an email nor a call. I tried reaching out via email but got no response. The contact numbers in the UAE are not working, and even in Algeria, they do not answer calls.",2025-02-10,RADWAN SHOW,8,
1,Very bad app. Very slow and looks like very complicated. Standup man . Make a good app. Your are an air line . Suposubly,2025-02-06,Fouzi qhse,9,15.0
5,Good,2025-01-27,Anup Mandal,0,
5,The best,2025-01-17,sahraoui seif eddine,0,15.0
5,برنامج رائع,2025-01-16,Mostafa Mohamed,0,13.0
1,Shittiest airline ever 😂🤣 ... it's totally a joke! The app has no sense. there is no way to request support! Doesn't tell why there are no available flights. it does not give you choices.... sooo many bugs !!! This is s a disgrace 😤,2025-01-13,CHAHROUR Abdenour,24,15.0
1,Worst flight in the world in every way,2024-12-30,Hadjer Maamir,3,15.0
1,Very poore service plus expensive rip off !!!!,2024-12-16,Mustapha Benuis,1,13.0
5,Parfait,2024-12-09,Faycel Hedroug,0,
1,Losers company they cancel my trip even they didn't tell about about the reason,2024-11-19,Mohssine Laaraba,2,15.0
1,The worse Airline ....Unreliable unpredictable inexperienced inexpertise also very unfriendly miserable....The website always down and won't let you book your flight. The worse Airline on the planet.,2024-11-15,Jimmy James,9,
5,Very good application the rating should be minimum 4.5 Keep going,2024-11-12,Hassen Benbouabdellah,4,15.0
5,Good,2024-11-12,Nedjah Hamza,0,13.0
5,هالو,2024-10-14,Nour Kermich,0,
1,Unreliable unpredictable also very expensive....Very bad website.,2024-09-29,Djillali Boumerdassi,2,13.0
3,تطبيق مفيد لاكن هناك نقص مثلا في حالة الحجز لطفل صغير لا يتجاوز 11سنة عند الوصول إلى مرحلة الدفع عن طريق بريدي موب يطلب ادخال بأي وثيقة تعريف ورقم الملف و هدا خطاء علما انه طفل قاصر لا يحمل بطاقة التعريف نرجو من مهندس التطبيق العمل على تطوير التطبيق وجعله يقوم بالحجز في هده الحالة وعدم خروج خطأ وشكرا,2024-09-05,Elalmi Boudjema,1,13.0
1,Always late,2024-08-17,Abdennour Taleb,1,
5,Good,2024-08-17,Karim Benahmed,0,13.0
1,خدمة سيئة .. ولا يوجد دعم ... لدي مبلغ لاسترداده 3900دج... لم أحصل عليه حتى الان ... خدمة زبائن سيئة جداا .. لا انصحكم به 💩💩💩,2024-08-16,Michael Sons,2,12.0
1,Today i get scammed again by this app first time was a mistake i made however i did all the needs to have a refund and i get nothing and now they took my money but without confirming my reservation. And even calling the calls center for help all what they say yeah send a email however they dont response to any of my emails,2024-08-14,Rayane Tabbianneni,23,13.0
1,"la compagnie t'oblige à acheter un aller retour bien que tu voyages a titre permanent. pour modifier la date de ton retour c'est impossible. J'invite tous les algériens a boycotter la compagnie. car appart les algériens, personne y met les pieds.",2024-08-02,Justin Now,1,
5,تطبيق جيد,2024-07-26,Søùmā Samsouma,1,12.0
5,تطبيق ممتاز في حجز الرحلات و الدفع الإلكتروني بالدينار و فيه ميزة التسجيل قبل الرحلة عن بعد,2024-07-19,Saba Haba,0,12.0
1,Keeps crashing after i made my reservation cant enter again,2024-07-17,Adel,1,12.0
1,C'est nul comme application jai effectué ma reservation en ligne comme tout le monde après avoir renseigné mes coordonnés de la carte dahabiya et effectué le paiement une erreur est apparu aucune réservation n'a été faite aucun email reçu rien du tout.. mais mon compte est débité de la somme de billet je suis tres frustrée,2024-07-13,Radhia Henouz,2,12.0
2,تطبيق فاشل كلما كان التطبيق سهل و بسيط كلما كان رائع هذا معقد و لايمكن حتى الاطلاع على مواعيد الرحلات بعد 5 ساعات على الاقل يوضع جدول بالرحلات مع التواريخ,2024-07-09,Imed DjouK,0,
2,Crash every time its open the app,2024-07-08,salih maoui,1,12.0
1,Fix your app compatibility !!! Keeps crashing in android 14,2024-06-29,Aghiles Ladj,0,12.0
1,Crashes when add flight now opens and closes with error when initially opening app,2024-06-27,susan herrera,1,12.0
1,If there is 0 star rating i would've give it to you Worst airline in the world,2024-06-26,Ousama Bouzenad,0,12.0
1,The worst app ever is close by itself. Worst then the service of the company. All this i am just trying to select my seat an option available in all the companies around the world but not for Air Algerie. Shame on you,2024-06-23,Zakaria Chabani,4,12.0
5,It works very good,2024-06-20,Виктор Пистолет,0,12.0
1,"Terrible Airline. Absolutely the worst schedules, wait times are horrible, constant stopovers.",2024-06-16,Raymond Hernandez,3,12.0
1,"Worst airline in the world, 50% percent of the flights will be cancelled or delayed, staff are very bad managment are disaster, I don't recommend travelling on this airline even for free as your life will turn to hell.",2024-06-10,bilal satouh,0,12.0
1,A piece of rubbish. you have to know the exact dates when searching for flights. The app won't help you or spare you time by just showing the possible dates of the future flights. Nothing new in Algeria. A misery,2024-06-08,Miloud XXI,7,12.0
1,L'application ne marche plus depuis la dernière mise à jour j'arrive pas a suivre mon voyage ni de choisir le siége ni l'enregistrement et ça depuis plus d'un mois essayer d'améliorer vos service c nul 👎👎👎👎👎,2024-06-08,Amel Cheikh,0,
1,App crashing fix it plz,2024-06-06,مخابرات عبلة,0,
1,I don't know what happened to this application when I add my ticket it's keep crashing they need to fix it,2024-06-02,Mourad “Constantine” Constantine,1,12.0
1,"Application a éviter , a éviter ,j'ai réservé on m'a prélevé deux fois le montant, c très tres grave ,pour mettre en marche cette application fait s'assurer de bien pouvoir faire les chose correctement. Je vous la déconseille. Alors pour les gens qui se demandent sur la suite , on te donne soit disant un mail pour réclamation LOL faut bien espérer un remboursement ouii",2024-06-02,Bi Bia,0,12.0
1,A chaque je dois faire le login sur mon téléphone vraiment nul et a cause de ca mon compte a été vérifiée,2024-05-31,minize alex,0,12.0
1,The app is crashing lately please solve it,2024-05-30,Dhia Light,0,12.0
1,"The app works on older versions of Android but on Android 14 it crashes as soon as you a flight or two. Also, it doesn't let you add past flights.",2024-05-24,F H,17,12.0
1,"Bad application, always stop for no reason.. تطبيق سيء دائما يتوقف من دون سبب.. يبلوكي",2024-05-23,Youcef Oma,0,12.0
1,It keeps crashing when I add my ticket to it or buy a new one. How do I fix that ?,2024-05-21,Wali Bough,1,12.0
1,الله يهديكم,2024-05-18,Ramdane,0,12.0
5,1 2 3 Viva l'algerie,2024-05-16,T R,0,12.0
1,Zero,2024-05-16,ElHadj Taieb,0,12.0
1,"Fix App, please. I got many errors",2024-05-12,Saber Sako,1,12.0
5,Air Algeria,2024-05-11,Francesco Oscar (Chino),0,12.0
4,I am unable to modify my trip date,2024-04-30,Charif Mansouri,0,12.0
1,"L'application ne cesse de se fermer, une fois la réservation effectuée.",2024-04-29,Adam Choulak,0,
1,It crashes alot,2024-04-18,touta nada,0,11.0
1,L'appli se ferme toute seule et impossible qu'elle reste ouverte après ajout d'un billet 😭,2024-04-15,Saïd Chaoui,0,12.0
1,"Now it keeps crashing for 4 days, and it seems no one of you noticed or given a d@mn about it. Typical government app",2024-04-08,samir benlamnouar,3,12.0
1,Crashes can't use it. Absolutely rubbish!!! Their system is still stuck in the 1980s🙄,2024-04-08,الباندا,6,12.0
1,L'application ferme toute seule après l'introduction des informations concernant le vol. Impossible à ouvrir ou à utiliser. Air Algérie doit améliorer ses services si elle veut garder une bonne image de la société.,2024-04-07,Rafik,0,12.0
1,"the app keeps crashing, it so bad you can not use it at all . useless app , air algerie need to improve their services.",2024-04-03,noureddine ouldhocine,13,12.0
1,worst app,2024-03-27,YB DZ,0,12.0
1,L'application se ferme toute seule. Ça fait une semaine que je tente de rajouter une valise pour 40euro ça ne marche pas et maintenant ils l'ont mis a 80 et leur site a la con ne marche toujours pas,2024-03-17,Hamza Salah,0,11.0
1,Keeps crashing.,2024-03-03,عبد المالك,0,12.0
4,Got so much better,2024-03-02,Nassim Maallem,0,
1,تطبيق غبي من شركة أغبياء، كيف في 2024 مازال لا توجد برنامج واضح ودقيق للطائرات، كل شيء خاطئ حتى على الموقع الرسمي للشركة برنامج المكتوب لا علاقة له بالواقع,2024-03-01,Rebai mourad,0,11.0
1,Bugging all the way,2024-02-28,Oscuridad Blanco,0,12.0
1,اسوأ خدمة عرفتها البشرية انصحكم بعدم الدفع عبر الذهبية لأن اموالكم ستضيع,2024-02-21,Ahmed Bekhiti,0,12.0
1,"not working, continuously crashing",2024-02-17,Abderrahmane Amar,1,12.0
1,"The app used to work just fine but now with Android 14 nothing works properly, the app crashes all the time",2024-02-01,Prince Damon,6,12.0
1,"I tried tracking my flight by ticket number and last name. As soon as I entered the info and pressed ""Done"" the app started crashing. It's been crashing since, and uninstalling/re-installing did not fix it.",2024-01-31,Abderrahmane IZRI,27,
4,"You have a bug in the version 12.0, when I register my flight the app keep crashing. When will you correct it ?",2024-01-19,Raouf CHAHBOUNE,22,12.0
1,The worst air line ever,2024-01-18,Mohamed Hamza,0,
1,"App have majors issues, the biggest one is the app is closing by itself automatically after opening on android",2024-01-18,Rafik Ouanouki,6,12.0
1,Médiocrité,2024-01-18,Rida El-Miley,0,
1,"Très mauvaise application! Ça complique la réservation d'avantage!!! Ça fait un bug juste au moment du payement et ça se ferme sans aucune confirmation de réservation. On appelle le service clientèle, on nous conseille d'aller se présenter à l'agence !!!",2024-01-16,Okba GHELLAB,0,12.0
1,The app closes all the time.,2023-12-17,Kim da Silva,8,12.0
1,"L'application fonctionnait très bien mais depuis l'achat d'un billet, elle crash au démarrage et ne s'ouvre plus ! Je suis sous Android 14, Google Pixel 8 Pro",2023-12-15,Imen Rahal,0,12.0
1,"I like the app, but recently it doesn't work for me anymore after I added my ticket to it. This happened when I updated to the last version of Android, I'm using Google Pixel Pro 7. The app closes immediately after I open it! Re-install didn't help.",2023-11-30,Kheir Eddine Farfar,70,12.0
5,excellent,2023-10-20,Abdelhadi Fel,2,11.0
1,أسوأ تطبيق طيران في العالم,2023-10-11,Zak- DZ,0,11.0
1,🤮,2023-09-14,Mahdi Ouelaa,0,11.0
1,very bad apps,2023-09-13,lakhdar benhamadi,0,11.0
1,ينقصها المزيد من التحسين للأسف الشديد 😔😔😔😔,2023-08-30,Idris “Sebbane”,0,
1,Worst airline ever. So expensive yet they don't even care about costumers.,2023-08-16,Wahida Mokrani,1,
1,Horrible company. Disaster service Not useful app at all.,2023-08-10,Salah Nasri,1,11.0
5,Nice app,2023-07-11,mahmoud yacine,2,11.0
1,العالم الثالث شوفو طيران تركيا ابليكاسيون نتاعهم و تقييمات المستخدمين و ريزيرفاسيون Par internet,2023-06-28,Younes Nabou,0,11.0
4,Bonne.,2023-06-21,Samir Ansar,1,
1,The worst in everything 😭 I don't recemend it,2023-06-17,jacob dominator,0,11.0
1,👎👎👎,2023-05-21,Hichem Ben,0,
1,"The worst app ever, please ""Tal3o niveau""",2023-05-18,mbachir nasrallah,0,11.0
5,problem tiket expensive,2023-05-12,Dalila Marouane,1,11.0
1,اسوأ شركة طيران عرفها التاريخ ولن يعرف التاريخ أسوأ منها. لا استقبال لا خدمات لا أسعار مناسبة. السفر مع قافلة قريش لمدة شهرين أحسن من السفر مع خطوط البطة العمياء لمدة ساعة .,2023-05-12,L B,0,11.0
1,The wors company in the world,2023-04-28,Jack Noor,0,11.0
1,"Check in online not working , very bad app",2023-04-20,Yassine Allagui,1,11.0
1,"Worst airline for transportation, bad treatment, no respect for time or customers. I don't recommend it.",2023-03-29,Bensaad Aissa,22,11.0
1,not good yet,2023-03-01,DJEMAA Ismail (Swat),0,
1,"Very bad , worst stupid flights compamy in the whole world",2023-02-20,Mohammed Laib,0,11.0
1,doesn't work as it is supposed to.,2023-02-13,Higgins Biggie,0,11.0
5,Very good,2023-02-09,Ahmed Tales,1,11.0
1,و الله غير . كي الكار تاع سيدي موسى . كي الطيارة نتاعهم . ياخويا نفس الحكاية كي تقولو عاود غلف الكراسا . . شركة عالمية . اخسرو شهرية على خدام يدخل معلومات الرحلات موش حاجة كبيرة . خدام واحد يكفي برك ب 3 ملاين للشهر يفريها,2023-02-02,ABTECHTIPS,0,11.0
5,Excellent App 👍,2023-02-01,fbelke2,1,11.0
1,"The one star I gave speaks for it self, I wouldn't have given it if there is less.",2023-01-18,saad bey,1,
1,الأسوأ على الاطلاق، لا شفافية حملته من اجل معرفة مواعيد الرحلات وأسهارها يطلب منك أن تحجز أولا وصعب جدا في الاستخدام,2022-12-28,Sabri info,0,11.0
5,Very good luck 🇩🇿🤞,2022-12-26,Habib,2,
1,Very poor specially the office in Qatar no one responded for the phone calls which really disappointing. Need good management and stuff,2022-12-25,nassim ben,18,11.0
1,worst company you can book through... flights late for hours and last minute change with very bad service,2022-12-21,walid hamidi,3,
1,تأخرات لا تحتمل,2022-11-19,Khaled Djebrouni,1,11.0
1,Catastrophe,2022-11-16,Abdallah Nabi,2,11.0
1,How a big national airlines doesn't have an active website in terms of booking.,2022-11-05,Hakim Menacer,6,7.0
2,Le système de paiement n'est pas fonctionnel pour les cartes de crédit Visa et Mastercard.,2022-11-04,Sofiane Stew,0,11.0
1,أسوء طائر في عالم أسوء تنظيم,2022-10-26,Badreddine Didouna,1,11.0
2,"The worst airlines in the world , don't recommand to anyone",2022-10-17,byly dos,0,
1,سراقيين برنامج تاع سرقة ونصب .حذاري,2022-10-08,pro pc,1,
5,Bonne continuation,2022-10-07,Machin Pro,1,
5,ماعرفتش ناس لي غير تنتقد التطبيق جديد و يحتاج تحسينات ادا كل واحد عطاهم نجمة وحدة جوجل راح تحدف التطبيق يعني حنا عوض ندعمو شركات بلادنا نحطموها الخطوطو الجوية الجزائرية رديئة و خدمات سيئة لكن هدا ليس سبب باش تساهم في تحطيمها,2022-10-06,Khalid Ben,1,11.0
1,A dead app!,2022-10-06,Tarik Tarek,1,11.0
5,ساعدني بزاف التطبيق راني نحجز غير بيه بارك الله فيكم,2022-10-03,قطف الجني الداني,1,7.0
5,تطبيق راااائع وممتاز 💖,2022-09-28,Muhammad AlSaket,1,11.0
5,Good application,2022-09-25,Chahinez Nedjar,1,
1,Air couscous. Application aussi inutile que la compagnie.,2022-09-24,Mohamed HABIB ZAHMANI,0,
1,🚫🚭,2022-09-12,Ouankara Brahim,0,6.0
1,The worst airlines ever seen in the world,2022-09-10,Abdelmadjid HADADJI,4,10.0
1,رحلات انتاع مطار الواد معندكمش !!!,2022-09-01,Saide Happyniss,1,10.0
1,"The worse airline I've seen ever, waist of time waist of money. No worthing to spend penny on you",2022-08-30,Joual Mayfair,19,10.0
4,شكرا,2022-08-24,abdellah abdelkhalek,0,6.0
1,Worst Airlines ever,2022-08-24,Sawyer Greek,1,10.0
1,"Worst application ever, they took the money and Never booked the flight, such thieves.",2022-08-20,Macilia H,25,10.0
5,Useful,2022-08-18,Guembour Abderraouf,1,7.0
1,Not user friendly,2022-08-13,s r,1,7.0
3,التطبيق جيد لكن ينقصه الكثير 1/التصحيح في حالة الخطأ في كتابة الاسم او اللقب 2/استرداد الأموال في حالة عدم الذهاب 3/تغيير الوجهة من ذهاب إلى اياب دون التوجه إلى وكالة الخطوط الجويه,2022-08-11,u tachaq nak,0,10.0
1,So sorry you are the worst company in the world,2022-08-10,Nabil Merdas,3,10.0
5,Useful,2022-08-04,moussa laouar,1,7.0
1,"Dans l'état, l'application est complètement inutile",2022-08-02,K A,1,10.0
4,good,2022-08-02,Jonas Vlogs,1,7.0
1,Very bad,2022-07-09,Djamel Ch,0,
1,The worst services in the world,2022-06-09,Dan Tate,1,
1,اي بحث تقوم به عن رحلات تخرجلك حدث خطا، لازم تحاول ألف مرة باش تصحلك، تطبيق بسيط يخدم بسلاسة ،مقدرتوش توفروه، و الله غير عيب,2022-06-06,The weekend,2,7.0
1,F you,2022-05-30,yassinos re,0,
1,Je deconseille. Message d erreur sur toutes les recherches.,2022-05-30,IATrainingTL SH BP Statoil,1,7.0
1,The worst airline I never travel with don't trust them thay never give you your money back,2022-05-28,Chahid Lamin,3,7.0
1,"Worst booking experience in the galaxy, fix your app, or just handover booking to Expedia.",2022-05-23,Bouzid Zitouni,18,7.0
5,Very useful application,2022-05-19,ABK COMPANY,1,
1,"The worste app I've seen in my life , i deleted the app from my cellphone , please do not use this terrible app or company 😠😠😡😡😡😡",2022-05-18,SABER صابر BOUMERGUEB بومرقب,2,
1,Worse service provider unfortunately!,2022-05-14,abdelghani RACHEDI,1,7.0
1,Doesn't work properly,2022-05-13,Abdel Aggoun,2,
1,Absolutely 💯% rubbish 🗑 🚮 app,2022-05-08,R T,1,7.0
1,تطبيق فاشل,2022-05-05,HAKO taider,1,7.0
1,As usual useless airline nothing works,2022-04-29,Hakim جبور,1,7.0
5,🔱✔️🕳️🇩🇿,2022-04-29,Ayoub Evans,1,
1,Too expensive and bad service,2022-04-10,Zakaria Bouradi,1,
1,the worst flight company in the world very bad customer service prices too high no refunds and a lot of delay avoide this company,2022-04-04,Yacine Dahnoun,5,7.0
1,افشل شركة طيران حول العالم مجرد تطبيق للخدمات و العروض فشلتم في صناعته مع العلم هناك أطفال دون سن 15 يصنعوا العجب من التطبيقات,2022-03-25,Messaoud MOH,1,7.0
1,"Très mauvaise application, y a rien qui marche des ERROOOR partout! Et rien n'est à jour.",2022-03-22,Mal M,0,
1,"What the point of having an App when you cant even book flight ?? As always desception ! its Air algerie and you have the guts !!! its insults to ours intelligence wheni read the message Une erreur est survenue. Veuillez nous excuser pour la gêne occasionnée, une erreur est survenue pendant le traitement de votre demande.  Nous n'avons pas trouvé de recommandations pour votre recherche. Veuillez modifier vos critères et relancer une recherche. (66002 [977])",2022-03-14,DZ Brixton,1,7.0
1,Worse airline in the world don't waist your money,2022-03-14,farid Taleb,2,
1,عالم ثالث برنامج خادمو واحد سنة سادسة ابتدائي... المعريفة في كل شيء تنتج هذا النوع من الرداءة ..برنامج غير عملي على الاطلاق.,2022-03-08,islam messaadi,0,
1,"A disorganized, inaccurate program and chaos.. from the stone ages.. we are in 2022 and we still have one airline that failed to digitize",2022-03-03,Enemy you don't like,4,
1,كارثة ...,2022-02-20,Abdennour HAMRAOUI,2,7.0
1,Honteux honteux,2022-02-19,Rissel B,1,7.0
1,"very bad service, the worst ever",2022-02-19,Charef Tahar djebbar,2,
2,I couldn't book a flight with my e-ticket though I entered my e-ticket number and even my reference code but in vain... hope someone can help me to set it up.,2022-01-28,Mohammed Omrani,5,7.0
1,L'application ne fonctionne pas.,2022-01-10,Djabor Me,2,7.0
1,illogical prices (2 and 3 times the price of other much better airlines) and catastrophic services A flight from Paris to Istanbul is for 160 with Turkish Airlines whilst from Algeria to Istanbul costs almost 600 euros loool,2021-12-13,Maestro Bm,17,7.0
1,Guys report this app!! nothing works properly in this country.,2021-11-23,mitiol31,8,7.0
4,"App works perfectly, the only thing missing is managing the booking, canceling and ways to get refund, Change the existing booking dates or class, keep the good work up",2021-10-15,Sallemine Abdelkader,37,
1,تطبيق فاشل لا تستطيع حتى حجز رحلة او حتى تحقق من جدول برنامج طيران دون ذكر بطئ استجابة نظام تطبيق,2021-10-15,iLyEs,1,7.0
1,Very bad app and very bad company,2021-09-19,yasmine Hadj-ali,4,
1,🖕🏿🖕🏿🖕🏿🖕🏿🖕🏿,2021-09-16,jafar AB,0,
1,Worst airline company,2021-09-12,Yahia Sterrahmane,3,6.0
1,Nothing you see is true lol The prices is not real. They are even more expensive. Besides they dont reply to your calls,2021-09-09,Ahmed Mokrani,7,
1,Very bad app you can't see witch day the flight is available and the app so poor,2021-09-08,Lakfouz Mizou,22,6.0
5,Great application. Thank you for making it available. Best of luck.,2021-09-02,Hayet Stambouli,4,6.0
1,"Useless, we can't see programs nor use it for booking",2021-09-01,Feraouna Bel,3,
1,Dab,2021-08-26,Ali Mostefai,0,6.0
1,Corrupted company.,2021-08-25,Mohammed Lamine,0,
5,To encourage you,2021-08-19,Tamrabet Houssem,1,
1,the worst airline ever,2021-08-13,Saladin Aitech,1,
2,"Guys , u make a lot of money ( from selling expensive ticket's ) ,, try to invest some in the app development",2021-08-08,Ahmed Yassine,3,
1,Worst service ever,2021-08-07,houssam larbi,2,6.0
1,"The worst , the most expensive, the most useless, i wish i could give you bad rate than 1 star.",2021-07-30,The-Good Of-Me,14,6.0
1,worst app ever,2021-07-30,Death Run,1,
1,Simply useless,2021-07-20,Ben Chelsea,1,6.0
1,This is a catastrophe not an app,2021-07-19,Mokhtar Rahmouni,3,6.0
1,الله لايتربحكم. الله يذلكم ويخزيكم ياوجوه الشر. شركة فاسدة، مفسدة ومفلسة. 17 شهر وحنا مطايشين ربي ينتقم منكم في الدنيا والآخرة.,2021-07-07,Zakaria Hofra,4,6.0
1,Worst airline company,2021-07-07,Chiheb Atamna,3,6.0
1,I have been calling all day and I received no answer to change a flight urgently. Useless.,2021-07-05,Houneida Benmahidi,45,6.0
1,It is the worst in the world,2021-07-02,salim matoub,5,6.0
1,Dodgy company You need to know someone in algeria that work in air algerie To get a flight ticket As the way they work is dodgy as hell U cannot book anything as they dknt even display the dates,2021-06-30,Younes larsson,5,6.0
1,Very bad application,2021-06-29,Hello World,2,6.0
1,Worst app coming from the worst people who excel at providing bad service. That's what you get when everything is run by incompetent outdated crook like politicians.,2021-06-29,Younes Halib,16,6.0
1,👎🏻👎🏻👎🏻👎🏻👎🏻,2021-06-11,Lyes Zouggar,0,
1,"So bad , so expensive, one star is a lot for you, no relation between them and the other airlines.",2021-06-07,Abdallah Halitim,51,3.0
1,تأخرت فظيعة و خدمات 0 واخرتها غلق الحدود 👎🏻👎🏻👎🏻👎🏻👎🏻👎🏻👎🏻👎🏻👎🏻👎🏻👎🏻👎🏻👎🏻👎🏻👎🏻👎🏻👎🏻👎🏻👎🏻👎🏻👎🏻👎🏻👎🏻👎🏻👎🏻👎🏻👎🏻👎🏻🤮🤮🤢🤢🤢🤮🤮🤢🤢🤮🤮🤢🤢,2021-06-06,TG zakaria 52,2,6.0
1,أسوء شركة في درب التبانة Worst company in the Milky Way,2021-06-01,HAMZA MENADLI,6,6.0
1,Bad company,2021-05-30,Mohamed Hamzaoui,2,6.0
1,Incompetent.,2021-05-29,Faouz Badoud,2,6.0
1,اسوء خطوط جوية في التارييييييخ، اسعار صاروخية حرام عليكم,2021-05-28,Soumia Mesri Slimani,0,
1,The worst company ever,2021-05-28,Mohamed Salhi,4,
1,"1 star is a lot for you, i wish i had the option to give a half star, simply corrupted company!!",2021-05-27,Aomini Daycki,30,6.0
1,أغلى سعر تذكرة بين المجرات,2021-05-27,Zerguine Halim,2,6.0
1,Bad company,2021-05-27,Zeghidi Mohammed,2,6.0
1,Bunch of thieves I do not recommend air algerie to anybody flying with them is the worst choice you could possibly make.,2021-05-27,Ayoub Brakta,16,6.0
1,لماذا الاستغلال بهذا الطريقة,2021-05-26,happy tours,3,6.0
1,so horrible,2021-05-26,Seyf Boy,1,
1,فشلا,2021-05-24,Merzak Merzak,3,6.0
1,يع يع,2021-05-24,amar messai (Gaza),2,6.0
2,مزل ناقص,2021-05-21,l.H COMPLOT,1,5.0
1,répugnant,2021-05-21,mohammad basil,0,6.0
1,"Bad app,bad airfly company...khrrrrraaaaa",2021-05-21,Mad Max,7,6.0
3,Facile classique,2021-05-20,Imad Kenzari,0,5.0
1,Nothing works with this app 😞😞,2021-03-10,Imane Amy,5,
1,Bad very bad experiences,2021-02-19,WALD Mellal,4,
1,Bugs and errors,2021-02-13,Cherif Babakhouya,6,5.0
1,"Application pleine de bug,aucune effort de la part de développeur,the worst company as usual.",2021-02-05,Abdelhak Belah,3,5.0
1,😡👎,2021-01-05,RIX,2,5.0
1,Useless,2020-12-18,Nassim Bouhentala,0,
2,Ma réservation et enregistrement en ligne ne fonctionne pas (application crash ),2020-12-10,inc inc,2,5.0
1,worst garbage I've ever seen,2020-12-05,Pretty_n_ Nasty,6,5.0
5,"Helpful, many thanks",2020-12-02,Mehdi BENTOUATI,1,5.0
1,تطبيق سيء سيء للغاية,2020-09-25,Ahmed Gara,3,5.0
5,Good,2020-08-06,Hocine Hocine,1,5.0
5,تحيا الجزائر للأبد 🇩🇿❤,2020-08-03,Abderrahim Rehioui,3,5.0
1,طريقة البحث صعبة انا نكتب اسم الدولة متخرجش لزم تكتب اسم المنطقة ليباعيها اذا انا ميهمنيش وباغي نشوف اسرع رحلة لاي منطقة متقدرش زيد جدول الرحلات زبالة كيفاش نعرف جميع الرحلات الي رايحن من الجزائر للمثلا اطاليا في في هذا شهر مستفدت حتى تسهيل,2020-05-28,ZǏNO,5,5.0
1,Not recommended,2020-05-25,Ahmed Talabi,5,5.0
2,تصلح لمعرفة السعر و التسجيل قبل السفر فحسب. Je propose : - créer un espace de connexion avec identifiant et sauvegarder leurs historique de voyage. - permettre aux clients de payer leurs billets via cette application. - donner la possibilité aux clients de consulter et utiliser les autres services de air Algérie sur la même platform.,2020-05-21,Khaled,2,5.0
5,It's a good app,2020-04-03,A Google user,2,5.0
5,تطبيق جد مفيد,2020-03-10,A Google user,1,
1,Much retard,2019-12-18,A Google user,3,1.0
3,Bon début bravo!,2019-12-06,A Google user,1,3.0
1,So poor,2019-10-21,A Google user,10,1.0
5,The app is user friendly and helpful for booking tickets. Need to provide good offers.,2019-09-04,A Google user,46,1.0
1,the worst flight company in the world ya wlad la9hab,2019-08-03,A Google user,57,1.0
1,the a330 is a good flight but they only do it from DUBIA DBX,2019-07-17,A Google user,8,
5,top,2019-06-23,A Google user,1,
1,no malaysia,2019-06-02,A Google user,1,1.0
5,very good,2019-05-31,A Google user,3,1.0
5,"very good, please keep up with good updates and less bugs for this phase",2019-05-06,A Google user,25,1.0
3,انطلاقة جيدة مع اني كنت قد راسلت من قبل من أجل تطوير تطبيق خاص بالخطوط الجوية الجزائرية - يرجى تحسين التطبيق للعمل بأكثر سلاسة و ليس عن طريق التصفح للموقع اثناء الحجز و الخ...  - يجب أن يكون تطبيق سلس و سهل و سريع و يتعامل بالمعطيات فقط.  - المرجو اضافة نافدة الحساب الشخصي ah plus - ينقصه بعض التحسينات كالسرعة و الشكل و ينقصه خصائص و اعدادلت أخرى كالحساب الشخصي يتضمن جميع المعلومات الشخصية و الهوية و بطاقة الدفع.,2019-03-19,A Google user,20,1.0
2,You guys remember that you have a fidelity program? right?,2019-03-16,A Google user,11,1.0
4,Good in general. Waiting for more improvements.,2019-03-15,A Google user,7,1.0
4,très utile,2019-03-14,A Google user,2,1.0
5,UI layout is awsome..,2019-03-14,A Google user,15,1.0
4,تطبيق جميل ولكن خلال في سعرة كبيرا مثل تمشي لي البيرو ياقولك 600تدخل تطبيق ياقولك فوق جواج ملاين واشي راج حل المشكلة,2026-02-24,عبدالله سلام صلي على الحبيب,0,
5,جيد,2026-02-04,Anis Chaouchi,0,16.0
5,التطبيق يعمل عادي وهو جيد,2026-02-04,BACHIRINE Salem,0,18.0.0
5,خدمات جيدة,2026-01-30,Djamel Chebicheb,0,18.0.0
1,اسوء شركة في العالم,2026-01-29,Othmane Maatallah,0,18.0.0
3,مراجعة أسعار الرحلات الداخلية,2026-01-22,rahim khodja,0,16.0
5,لاتظهر لي البطاقة البنكية او الذهبية فقط فيزا ومستر كارد ماهو السبب؟,2026-01-21,عمر ياسين,0,18.0.0
5,تطبيق رائع شكرا بارك الله فيكم 🤝🇩🇿 دمتم في خدمة الوطن و المواطن 🤝🇩🇿,2026-01-20,Adam Adam,0,18.0.0
5,رائيع 🫶🫶,2026-01-20,Nour Eddine,0,18.0.0
5,جيد,2026-01-20,Alaa El Dine,0,18.0.0
5,ما شاء الله,2026-01-20,"linda, dz",0,18.0.0
5,رائع,2026-01-20,MAAMAR,0,18.0.0
5,كل رحلاتي مع الخطوط الجوية الجزائرية في القمة ولم أعاني كن آي مشكل,2026-01-20,Zakaria Safsafi,0,18.0.0
5,تطبيق عملي,2026-01-20,bellakehal hamid,0,18.0.0
5,جيد,2026-01-20,Serraoui serraoui,0,18.0.0
5,🥰🥰,2026-01-20,Mina Mina,0,18.0.0
5,جيد,2026-01-19,Khieraddine Boucetta,0,18.0.0
5,الله يبارك,2026-01-19,محمد بافكا,0,18.0.0
5,مليح,2026-01-19,ouladali ali,0,
5,روعة وممتعة وجميلة,2026-01-19,boualaoui abdellah,0,18.0.0
1,سيئ جدا,2026-01-19,ch miro,0,18.0.0
2,التطبيق يطلب تنزيل إصدار جديد وبعد تحميله يبقى نفس المشكل,2026-01-19,Consto Ntine,0,18.0.0
5,تطبيق رائع,2026-01-19,Youcef Berkani19,0,
4,جيدة,2026-01-19,mohamed ali,0,18.0.0
5,جيد,2026-01-19,Salah Jb,0,18.0.0
5,رائعا,2026-01-19,ahmed madin,0,18.0.0
5,ممتاز جيد جدا,2026-01-19,ABDELKADER BAYOUCEF,0,18.0.0
1,تطبيق سئ,2026-01-19,هشام زكريا الشيخة,0,18.0.0
5,جيد,2026-01-19,maiouf amine,0,18.0.0
5,جيدة جدا وسهل الاسعمال,2026-01-19,داود طالب,1,18.0.0
5,رائع,2026-01-19,عبدالله الحارثي (المدني),0,18.0.0
5,نوعا ما,2026-01-19,Hamza Chellabi,0,18.0.0
4,جميل جداً,2026-01-19,Soheyb Khir allah,0,18.0.0
3,جيد,2026-01-19,مولاي رشيد بلوافي,0,18.0.0
5,يحتاج إلى تبسيط,2026-01-19,khaled saadine,0,18.0.0
5,مشكورا,2026-01-19,Om Abdelhadi,0,
5,جيد جدا,2026-01-19,سوسو سوسو,0,
5,رائعة جدا 👌,2026-01-19,Kamel Kamel,0,18.0.0
5,جيد وانصح بالسفر مع الخطوط الجوية الجزائرية,2026-01-19,Mohamed Staih,0,18.0.0
3,جيدة,2026-01-19,Cha Da,0,18.0.0
5,جيد,2026-01-19,احمد صلحي,0,18.0.0
4,تطبيق جميل وسهل جدا,2026-01-19,Mimo Momo,0,
5,التطبيق به خلل عند الدخول يقول لك يجب الترقية الى اصدار جديد وعند الضغط على الترقية لا تجد اي تحديث متاح تجد فقط فتح التطبيق. تضغط على فتح ترجع الى نفس النقطة الاولى,2026-01-19,moustafa tarkzi,84,18.0.0
1,تم أخذ المبلغ مني دون القيام بحجز مقعد,2026-01-19,MGPRO BOULONNERIE 螺栓,0,
5,جيد,2026-01-19,Rim Lagouag,0,18.0.0
5,ماجربته بعد,2026-01-19,Soliman Abu Khuzaimah,0,18.0.0
5,راىع تطبيق عملي,2026-01-19,walid brahimi,0,
5,ممتاز,2026-01-19,Nasro chouder,0,18.0.0
2,مشكلة التطبيق يوجد مشاكل كبيرة في الدفع الكتروني وهدا مشكلة كبيرة يجب معلجتها في أقرب وقت لأنهو اصبحت المصدقية والتقة غير موجودة,2026-01-19,Hacene Bareche,0,18.0.0
3,جيد,2026-01-19,mounir ouis,0,18.0.0
5,جيد,2026-01-19,Aissa Hadji,0,18.0.0
5,جميل,2026-01-19,إبراهيم بحو,0,18.0.0
5,رائع وسهل الاستخدام,2026-01-19,Bachir Kadri,0,
1,التطبيق يطلب تحديث لكن عند الدخول في بلاي ستور لا يوجد تحديث,2026-01-19,Samir Samir,0,
5,sa bine,2026-01-19,fofo nono555,0,18.0.0
3,طايرة,2026-01-19,سوهانة سوهانة,0,18.0.0
5,بعد التحديث الأخير لا استطع الدخول علي التطبيق، وكل ما احاول الدخول يطالبني بالتحديث، حتى بعد ما حذفت التطبيق وحملته مرة أخرى يعطيني نفس المشكلة,2026-01-19,Dr Mohamed Abdelwahed,4,18.0.0
1,سيء,2026-01-19,Ziat,0,18.0.0
5,جيد,2026-01-19,Salmi Karim,0,18.0.0
5,جيد,2026-01-19,Samir Sami,0,18.0.0
1,اودي تثبت تطبيق يقلك لازم تحديث لخر و يخرجك وانا راني محدثه لخر,2026-01-19,ziane ziani,1,18.0.0
4,ممتاز,2026-01-19,Bensbgag Hocin,0,18.0.0
5,are,2026-01-19,BaDri Dendene,0,18.0.0
4,ممتعة,2026-01-19,Hamza Benattia,0,18.0.0
5,الله يبارك,2026-01-19,Aymen Aymen,0,18.0.0
5,جيد جدا,2026-01-19,Lahcen Gomiez,0,18.0.0
4,جميل,2026-01-19,Nono Nono,0,18.0.0
5,ممتاز,2026-01-19,‪Mini Alamrani (‫لخصيبي ابو ميني‬‎)‬‏,0,18.0.0
5,جيد جدا,2026-01-19,Larbi Kamli,0,18.0.0
5,ممتاز,2026-01-19,Sidkarim Sido,0,
5,ممتاز,2026-01-19,Unemm Unem,0,
5,جميل,2026-01-19,Karim Hafnaoui,0,18.0.0
5,ماشاء الله,2026-01-19,Taha Djilali,0,18.0.0
5,mli7 hada ta7tajo,2026-01-19,Yakoub Tazgouret,0,18.0.0
5,جيد جدا,2026-01-19,Akhil Malki,0,18.0.0
5,خدمة ممتازة,2026-01-19,NORI FAGHMOUS,0,18.0.0
1,لابس بيه,2026-01-19,Simo Islam,0,
5,جيد,2026-01-19,Mohamed Amine,0,18.0.0
5,رائع,2026-01-19,Abderraouf Hammadache,0,18.0.0
5,good,2026-01-19,Ali Raouani,0,18.0.0
5,هههه,2026-01-19,Oussama Beddai,0,18.0.0
5,جيدة,2026-01-19,Dahman Barmaki,0,18.0.0
4,ما هو مشكل التطبيق لم يعد يعمل,2026-01-19,ּا̍حۡــمۘــد ۖ ا̍بــۉبــگــڔ ̨ا̍ڵــبــڔٰا̍ء ۗ,2,18.0.0
5,توب,2026-01-19,Sami Touaitia,0,18.0.0
1,سيى,2026-01-19,Mohammed Soualah,0,18.0.0
5,🤩,2026-01-19,عبدنور سي بشير,0,18.0.0
5,تطبيق جيد,2026-01-19,abbass hantaoui,0,18.0.0
5,جيد جدا,2026-01-19,Mahmoud Hamadha,0,18.0.0
5,مريقلة,2026-01-19,zeggari fateh,0,18.0.0
3,من حسن إلا الاحسن,2026-01-19,‪Ramez gala2020 (‫الجوكر‬‎)‬‏,0,18.0.0
5,لا باس,2026-01-19,Youcef Kendi,0,18.0.0
5,رائعة,2026-01-19,Toudji Brahim,0,
2,تطبيق جيد,2026-01-19,عبد الحفظ إلياس,0,18.0.0
5,تطبيق رائع ، مفيد ،فعال,2026-01-19,Hamdaoui Abd el hafidh,1,18.0.0
4,تطبيق جيد,2026-01-19,Khaled Rekioua,0,18.0.0
5,تطبق رائع,2026-01-19,Ghouti Tahar,0,
5,جيد,2026-01-19,Ismail Bougattara,0,18.0.0
3,جيد,2026-01-19,rachid tachtach,0,18.0.0
5,تطبيق رائع وعصري,2026-01-19,Ilyas Lachachi,0,16.0
5,هذا التطبيق ممتاز.الرجاء المواصلة على دعمه و ترقيته,2026-01-19,Belaliaي Rachid,0,18.0.0
3,قيد التجربة,2026-01-19,Dj Z,0,
5,جييد جدآ,2026-01-19,Moula.hd8,0,18.0.0
5,ممتاز جدا,2026-01-19,ابوحنان S mousa,0,18.0.0
5,روووووووووعة,2026-01-19,الطاهر الطاهر,0,
5,جميل,2026-01-19,زكرياء,0,18.0.0
5,ممتاز,2026-01-19,الدهبي حسان,0,18.0.0
5,الصدق والمصدقية,2026-01-19,Ramadane Lansari,0,18.0.0
5,ممتعة ويسروني اني كنت اتعمل بهذا التطبيق,2026-01-19,Mehdi Kouidri,0,18.0.0
1,ماشاء الله,2026-01-19,Hosni Mohamed,0,18.0.0
5,مشاء الله,2026-01-19,abde karim,0,18.0.0
5,جميل,2026-01-19,oussi24 oussi24,0,
1,التطبيق لايعمل رغم القيام بالتحديث الى اخر اصدار !!,2026-01-19,kino 10,0,18.0.0
5,رائع,2026-01-19,موسى سعود,0,18.0.0
5,goodd,2026-01-19,HAROUNE YT,0,18.0.0
1,تطبيق رديئ شركة غير مهتمة بعملائها وزبنائها,2026-01-06,Abd Elghani,25,18.0.0
1,معقد مثل الشركة نفسها,2026-01-02,Sam Sam,1,18.0.0
1,تطبيق سيء لايستجيب,2025-12-26,Djemaoui Ahmed salem,1,18.0.0
5,صحيحة,2025-12-23,mahkre 01,0,
5,رائعة,2025-12-15,Joumaira Doubai,0,
5,جيد,2025-11-22,SEIF EDDINE Khallat,0,17.0.0
1,تطيبق سيئ جدا جدا لا انصح بالمغامرة ستفقد نقودك دون الحصول على تذكرة انصح بعدم تحميلة عن تجربتي تم خصم المبلغ المالي و لم اتحصل على تذكرة و يقولون لك ضع شكوى في الموقع و هم لا يستجيبون لك يعني لازم تروح تسلف و تعاود تخلص يعني اخبط راسك في الحيط نصيحة من عندي متغامرش بدراهم ك روح خلص في الوكالة احسن و اضمن و هم اصلا ميهمهمش فيك و لا تهمهم مصلحة الزبون لانهم ليست شركة ابوهم,2025-11-02,Ilyes Nouioua,0,16.0
5,جيدة جدا,2025-10-28,Nuna Ali,0,
5,👌👌👌👌👌,2025-10-21,Boulekma Ismail,0,16.0
5,برنامج رائع وجميل ساعدني كثيرا بدون الذهاب الى الوكالات التجاريه,2025-10-16,شوشو انوش,1,16.0
3,تطبيق جيد و رائع ... و لكن هذه الاوانة لم تعد تظهر البطاقة الذهبية لبريد الجزائر لا نعلم لماذا,2025-10-06,HAMZA LAHMAMI,0,16.0
5,جميل,2025-10-05,طاهر طاهر,0,
5,جيد على العموم ،,2025-09-26,Ouarda Ferhi,0,
5,good,2025-09-11,Ibrahim Klaai,0,16.0
5,جيد جيداء,2025-09-06,Abdesslam Aouamer,0,16.0
5,مليح,2025-08-30,bouamir laid,0,15.0
4,تطبيق ممتاز وسلس,2025-08-23,kade amoumen,0,16.0
5,تطبيق سلس وسهل يوفر الوقت والجهد والمال ممتاز جدا,2025-08-16,Chokri Salem,3,16.0
5,جييد,2025-08-15,Ali Abd elkebir,0,
2,هل ذوي الاحتياجات الخاصة يستفادون من تخفيظ النقل الجوي داخل الوطن من التطبيق او لا,2025-08-13,free payeer,0,16.0
5,جيدة جدا,2025-08-11,Saci Raid,0,15.0
5,تطبيق رائع,2025-08-11,ISMAIL BENALLOU,0,16.0
5,ما شاالله,2025-08-06,Akherahi Tahr,0,16.0
5,ممتاز جدا,2025-07-29,فعل الخير,0,16.0
1,عدم استجابة عند اتصال هاتفي وضع انتظار بدون رد,2025-07-03,Thaer,15,16.0
5,so nice,2025-06-26,touati amar,0,16.0
4,جميييل,2025-06-14,Moussa Clach,0,16.0
1,تطبيق فاشل,2025-06-13,Amine Bdn,0,
5,جيدا,2025-05-30,bachir ziad,0,15.0
5,لماذا لا يمشي هذا تطبيق حاليا,2025-05-21,Sarah Sarah,1,16.0
4,جيد,2025-05-18,moha amine hadji,0,15.0
5,nice,2025-05-14,Haitham taleb ali,0,15.0
5,ممتاز,2025-05-10,fadi hany,0,16.0
5,جيد جيدا,2025-04-25,Souleyman Belhadj Aissa,0,16.0
5,trés bon,2025-04-23,Dodo Iyad,0,15.0
5,تطبيق ممتاز,2025-04-17,Yassine Alloui,0,15.0
5,تطبيق ما شاء الله,2025-04-13,Ali Agahmad,0,15.0
5,جميل جدا,2025-04-10,Bakari Hamido,0,15.0
5,جيد 👌🏻,2025-04-08,rida rida,0,15.0
4,👍,2025-04-05,Mahmoud abu asal,0,
1,طريقة الدفع لاحقا غير موجودة لماذا ارجو منكم الرد,2025-03-20,حسان روان rou h,0,15.0
5,احسن تطبيق ويسهل المعاملات معالخطوط الجويةفي قص التذااكر ذهابا واياب,2025-02-12,حمادي باهدي,4,11.0
4,تجربة لا بأس بها... مزيدا من التألق بإذن الله تعالى,2025-01-28,Nouidjem Abdelmadjid,0,12.0
4,جيدة,2024-12-22,bouamama djani,0,13.0
3,متوسطة,2024-12-16,Asma Amaidia,0,
5,افضل تطبيق مع مصداقية وجد فالعمل ...,2024-12-12,Mouftah Simlaly,3,13.0
1,تطبيق سئ جدا يتم خصم المبلغ ولا تاتي التذكرة,2024-11-27,حمزة ابويحي بن سماعيلي,35,15.0
3,Mliha,2024-11-20,BÌ L ÀL,0,13.0
5,تعديل المراجعة تم ارجاع مبلغ الحجز شكراً,2024-11-19,Ahmed baali,0,13.0
5,البرنامج ممتاز,2024-11-18,Alhssan Charif,0,13.0
4,جيدة,2024-11-16,Omar Bounachada,0,13.0
2,رائع,2024-11-14,عبد الباسط بوعزيز,0,12.0
5,Tooooooooo,2024-11-02,سمير عبد الرحمان,0,13.0
5,Yas,2024-10-31,Yasmail Smail,0,13.0
2,سلام عليكم ورحمة ماهو سباب حتى نزعتو سيستام حجز ودفع من بعد هذا والله خطاء كبير ان شاء الله ترجع سيستام قديم وشكرا,2024-10-17,zeggane Kamel,0,13.0
1,لماذا لايتم ردنا علينا وارجاع المبلغ تذكرة عندما يتم إلغاء رحلة,2024-10-15,زهور الامل,4,13.0
5,Tres bien,2024-10-11,barkaoui mohammed,1,
5,رائع,2024-10-02,أحمد مؤدن,0,12.0
1,تطبيق متعب وناقص خدمات,2024-09-01,Antar Manaa,0,12.0
3,حننمم,2024-08-15,mourad hadri,0,12.0
1,خدمات مدنية وتأخر المواعيد,2024-08-15,Ibrahim Benothman,0,
3,حبذا لو تقومو بزيادة خيار الدفع عن طريق التخفيض bone réduction,2024-08-12,Zaka ria,1,13.0
4,جيد,2024-08-04,‪Abdellah “Raykane”‬‏,0,12.0
1,سيئ بكل معنى الكلمة,2024-07-27,‪Mohammad “Cheik” Chegga‬‏,0,12.0
5,Nice,2024-07-22,MOHAMMED EL KHAMES TABAI,0,13.0
1,سيء جدا,2024-07-18,Abderrahim Toumi,0,13.0
3,لا أستطيع حجز رحلة مع أن الرحلات مبرمجة!,2024-07-12,معلومات معلومات,0,12.0
1,معاملة صفر,2024-07-05,Gabryal Sadyo,1,
5,ممتاز,2024-06-24,‪Dounia “Mimoun” Dz‬‏,0,12.0
5,"Great app, more development",2024-06-22,Allal Abidi,0,12.0
5,جميل,2024-06-04,كلغلال محمود,0,
5,تطبيق عملي، يغنينا عن التنقل للوكالة للاستفسار,2024-06-03,Menouarmounssif@gmail.com Menouar,0,12.0
4,ممتاز,2024-05-24,Mohamed Ouznani,0,12.0
1,تطبيق لا يعمل,2024-05-13,Ameur Mahdi,0,12.0
1,تطبيق سي للحجز يقوم بسحب اموالك من حسابك في ثواني و في حالة الغاء الرحلة فلن تجد من برجع اليك اموالك هاد ماقاله رقم الوحيد الموضوع لشكوي,2024-04-30,Soltane Bastami,5,12.0
1,كاين اشكالية في التطبيق كي نجي في عملية الشراء مايخرج.بريدي موب,2024-04-28,ABDO ELKING,0,11.0
5,Top,2024-04-18,Med Am,0,11.0
5,مميز,2024-04-15,Abdo Yousfi,0,12.0
5,الى الاحسن,2024-04-14,Said Naoua,0,12.0
5,جيد جدا,2024-03-28,Souad Zen,0,
1,تطبيق سيئ جدا جدا تبيق بستيل قديم جدا وعدم استجابه انصحك لا تضيع الانثرنت في تحميله,2024-03-27,cicici cicici,4,12.0
1,هذا هو اخمج تطبيق لا يستحق ولا نجمة,2024-02-27,boudache boudache,0,
5,تطبيق ممتاز,2024-02-13,Muohamed Lamine,0,12.0
1,لماذا هذا الغلاء الفاحش لطيران مرمدتونا وبخصتوا بينا بين الأجناس وجميع الدول,2024-02-09,أحمد dz,0,12.0
5,ما شاء الله نقص علينا التعب,2024-01-31,Ma7moud fridjatte,0,12.0
1,في أغلب الأحيان نجد أن الاستقبال و التعامل مع الزبائن غير لائق و الخدمات متدنية جداً مع للأسف الشديد,2024-01-15,mouloud medjouel,8,
1,تطبيق سيء جدا ، وتأخر شديد عن باقي شركات الطيران في العالم ، وعدم اهتمام بالتطوير الإلكتروني,2024-01-14,Djamal Djarallah,12,12.0
5,تطبيق رائع وعملي ويسعل على الزبون عمليات الحجز وينقص مصروف الزايد,2024-01-12,ADIB AMINE,0,
1,هذا التطبيق سيء وخاصة عند الدفع الالكتروني. تم خصم المبلغ ولم تاتي تذكرة كل معلوماتي صحيحه . وتم تقديم شكوى .,2024-01-08,Toz Toz,96,12.0
5,اتمنا كل شعب الجزائري اني يسفر بكل سهولة ولا تميز ولا عنصرية,2023-12-26,Ahmed Bekakar,3,12.0
5,نايس,2023-12-17,ملك العواطف,0,
5,روعة مشاء الله,2023-12-17,Tahar Benalia,0,11.0
5,🇩🇿🇩🇿🇩🇿🇩🇿,2023-12-13,hammadi shrif moulaye,0,
3,جيد,2023-12-05,Muhammad Bournana,0,
4,جيد جدا,2023-11-17,محمد غومة,0,
1,مشي مليح لخاطر غاليين بزاف ولي بافية تخرج معايا منيش اونكوبل حمبوكم هرجو معايا,2023-11-06,taha Kadi,0,11.0
5,بالرغم من كل شيء تبقط شركة بلادي الاحسن,2023-11-05,Yoyo Master,0,
5,تطبيق ممتاز,2023-10-30,kaiboub Houda,0,11.0
5,Tooop good,2023-10-19,Kanda Kanda,0,
1,تطبيق فاشل لايمكن الدفع الالكتروني لانكم بلد تحكمه عقول الكهول و الشيوخ,2023-10-06,Houssem Bounnagab,1,
3,سلام,2023-10-01,زكرياء بورنان,0,
5,تطبيق ممتاز تقدر تحجز رحلتك بكل بساطة بالبطاقة البنكية و تقدر تعدل موعيد رحلتك و حتى تحجز مقعدك بطائرة و تشوف اسعار رحلات وحتى لو يكن فيه تاخر برحلات يتم اعلامكم بالاتصال او مراسلة بريدك الالكتروني حقيقة تطبيق رائع عجبني بزاف بارك الله فيكم,2023-09-14,charif benali,0,11.0
5,👍 👌 👍 Super good 👌 👍,2023-08-25,Ayman Real,0,
5,هذا التطبيق رائع جدا انصح الجميع بي التحميله ممتاز جدا,2023-08-21,Mohammed Korichi,2,
5,تطبيق ممتاز,2023-07-24,‪Sa Lah (Mesbahi)‬‏,0,11.0
1,خطوط الكرغولية 😆😆😆😆😆😆😆😆😆😆😆😆,2023-07-13,MR Mark,0,
1,خطوط الجوية مجرد نجدة 🆘,2023-05-06,Nouri Mohammed,1,11.0
5,كامل الروعة شفافية وربح للوقت احجز وسدد و اكد واختار الكرسي و سجل وانت مكتي على السرير . لقد حجزت لابنتي ليلا يوم العيد .,2023-04-24,Hafidi Tam,0,11.0
5,احسن شركة طيران بالعالم وهي تشرف الجزائر. الانتظار امر مزعج,2023-04-05,Ri Ta,0,11.0
5,رائع,2023-03-22,Zidane Abdelmalek,0,
5,ممتاز,2023-02-27,Ali Bendahane,0,11.0
5,جزاكم الله خيرا,2023-02-24,عبد الغني الوافي,0,11.0
1,سيء جد جدا لا أنصح به,2023-02-19,Boussaid Abdelkader,2,
5,ممتاز,2023-02-10,Mohamed Titati,0,
1,الردائة والفشل ككل مرة,2023-01-26,نور اليقين,2,11.0
5,لن تنج الخطوط الجوية الا بمشروع زيرو زواف,2023-01-14,الجزائر العربية,2,11.0
1,سيء,2023-01-13,Walid juve,1,11.0
5,الخطوط الجوية الجزائرية جد مميزة وممتازة وأتمنى لها خل التوفيق والنجاح عاشت الجزائرية,2023-01-06,Has Len,1,11.0
2,جرأفه جرافه جرأفه جرافه,2023-01-06,احمد علي جرافه جرافه,0,
5,جدا جدا جدا جيدا,2022-12-21,سفيان بن عيسى,0,
5,حجزت فيه اكتر من 30 رحلة لي والعائلة وأصدقائي وبكل سهولة حتى الأسعار بعض العروضات اقل حتى من مكتب الخطوط الجوية نفسها انصحكم به,2022-12-20,Hakim Algérie,67,11.0
1,فاشل,2022-11-25,Salim Ben Larbi,2,
3,لابأس به العلامة 6على10,2022-11-25,Salah Brinis,0,11.0
5,تطبيق جيد جدن,2022-10-26,احمتو لنصاري,0,
5,جيدة,2022-10-24,عمار فرشيشي,0,
5,رائع,2022-10-12,Kenza BELAID,0,7.0
2,للأسف هذا التطبيع بعد التحديث لم يعد يمكننا من تسديد التذاكر بالبطاقة الذهبية كما كان . فما هي مهمته الرئيسية إذا ؟,2022-10-08,Mahmoud Zaydi,53,11.0
1,منيح,2022-09-21,Kati Didoua,0,
5,رائع,2022-09-16,FOUAD DZ,0,7.0
5,بپببببپببببببببببببببببببببببيا,2022-09-11,dahbi dahbi,0,7.0
4,تطبيق الله يبارك,2022-09-03,دحماني محمد,0,7.0
5,ممتاز جدا,2022-08-31,Sidra Elmountaha,0,7.0
5,تطبيق جد رائع ، بالتوفيق.,2022-08-29,حكيم الصحراوي,1,7.0
1,سيء جدا فاشل لايعمل عندي لايضهر تواريخ الرحلات للخارج,2022-08-28,Di Dine,4,10.0
5,جميل جدا,2022-08-20,Zizo Dz,0,7.0
5,ماشاء الله تطبيق عملي,2022-08-13,منير خرشي,0,
5,جيداوممتاز,2022-08-09,AWAD OSMAN,0,7.0
5,ممتاز,2022-08-09,Rahima Bouchelaleg,0,7.0
5,تطبيق رائع جدا جدا أنصح بتحميله، لأنه يختصر الوقت والجهد ويغني عن زيارة الوكالات من أجل الاستفسار..,2022-08-09,المُظفَّـر العٓمِيـرِيٰ,124,7.0
1,اسعار مرتفعة,2022-08-08,رقمي tich t'aime,2,
4,ممتاز,2022-08-06,Bailek Elhadj,0,7.0
4,يالخيرة,2022-08-06,bis ta cha98,0,7.0
5,ممتاز,2022-08-06,Abderrahmane Gozim,0,7.0
1,مع ذالك تبقى الخطوط الجوية الجزائرية شركة عائلية تحكمها أقلية فاسدة,2022-08-05,abdou 3bboud,1,
5,تبارك الرحمن معاملة جيدة,2022-08-05,ابو رقية,0,
5,واو,2022-08-03,Hamada Nacer,0,7.0
5,تجربة جيدة على العموم اعجبتني,2022-08-03,gherib mohammed yacine,1,10.0
5,❤️❤️❤️🇩🇿🇩🇿🇩🇿❤️❤️❤️,2022-08-02,EID HASHEM,0,7.0
5,ممتاز,2022-08-02,محمود الانصاري,0,10.0
5,ممتازة جدا بتوفيق و مزيد من النجاح,2022-08-02,dado youcef,2,7.0
5,جيده ❤,2022-08-02,Tati Don,0,7.0
4,تطبيق رائع لكن الرحلات دأئما متاخرة..,2022-08-02,Lensari Hamed Ali,16,10.0
1,مقزز الأسعار غالية جدا,2022-07-25,بلرار نوزم,1,
5,جميل لكن يجب ادخال طائرات الطاسيلي في قوائم الرحلات,2022-07-06,Messaoud Chibani,1,7.0
1,تطبيق سيئ,2022-06-27,Abdelkarim Eldjouzi,1,
1,خدمات كارثية😑,2022-06-08,Redwan Nedjar,1,7.0
5,اه يالخطوط ربي يوفق,2022-05-02,Bia Saddam,0,7.0
5,ممتازة,2022-05-01,Ali Yasine,0,7.0
5,الصراحة عجبني كتير بزاف برشا وايد اوي هلبا,2022-04-28,Deco Amrouche,1,7.0
2,متوسط,2022-04-21,Abd almadjid Ait larbi,0,
1,جيد,2022-04-07,Gila Bel,0,
5,جيد,2022-03-30,nasar ben,0,7.0
5,جميل,2022-03-19,adel damene,0,7.0
1,كي الشعر وانتهى,2022-03-03,الصيــاد dz,3,7.0
4,مليح,2022-02-28,أيوب بلدي,0,7.0
5,تطبيق ممتاز بالنسبة للرحلات والتوقيت,2022-02-25,Abdo Kaaa,15,7.0
5,مازال عن قريب أنشأ الله,2022-01-31,Khamasi Iyed,0,
1,احذرو عند الدفع الالكتروني تتبخر اموالكم تطبيق عنده عجز في التواصل مع الخدمات المالية لبريد الجزائر انصح بتجنبه,2021-12-09,Omar Ali,24,7.0
1,لماذا الاسعار غالية ؟ لماذا عدد الرحلات قليلة ؟ لماذا خدماتكم سيئة ؟ نتمنى لكم من كل قلوبنا الافلاس والاغلاق او خروج شركة اخرى تنافسكم,2021-12-03,Zo li,6,
1,أسوأ الشركات.. و أسوأ الخدمات.. وأكبر الفساد.. و عشوائية في تسيير الرحلات... أنتم عار على الجزائر..,2021-10-20,djihad belkhir,21,7.0
1,يا جماعة الخير نحب نعرف اسكو كاين رحلات من مصر للجزائر أم لاء فقط,2021-09-28,Hadda Benamor,11,7.0
1,ربي يغفرلكم,2021-08-30,Startx Startx,2,
4,شكر...,2021-08-26,Hayet Mellah,0,
5,جيد,2021-08-22,Benrabah Jalal,0,
5,جيد جدا,2021-08-17,Baka Baka,0,
1,بطي جيداً يجيب اصلاح الموشكل,2021-08-04,YOUCEF ZOUBEIRI,3,6.0
1,متى تبدأ الرحلات بين مصر والجزائر شكرا,2021-08-01,همسة حب,5,6.0
1,لا يهتم بالزبون ينظر فقط للنقود والمصالح الشخصية معاملة منعدمة تماما لا يوجد خدمات في التواصل معهم ، لا خدمات ولاشيئ,2021-07-28,عمر تفات,5,
1,شكون لي راح يتعامل معاكم يالمهابل كل دقيقه قرارا جديد غلاء فاحش إلغاء الرحلات دون سابق إنذار وووو.... دولة مية راي بهدلتونا قدام لجناس وكيلكم الله في هاذ لعواشر,2021-07-19,Nadin Nada,18,6.0
1,خدمةسيئة جداااااااااااااااااربي يفرج,2021-07-11,date120 mama,4,6.0
1,نجمة وحدة 👍,2021-07-06,توماس شيلبي c'n,2,
3,انتم تعلمون انكم تقدمون خدمة سيئة للزبائن، استرداد مستحيل للنقود، الغاء للرحلات بدون سابق إنذار، غلاء فاحش للرحلات، عدد رحلات قليل جدا ، خدمات سيئة لماذا تبخسون، بلادكم أمام الأجناس أليس منكم رجل رشيد،؟؟,2021-07-01,طيبة Tv,46,6.0
1,موعيد كلها كدبة في كدبة تلفون يرن ولا أحد يجيب خدمة سيئة جدآ لا انصح بهدا,2021-06-25,Balkasm Katib,11,6.0
5,ممتاز,2021-06-18,kaddi Abdelhamid,0,5.0
5,جيد جدا,2021-06-08,H A M Z A_ PE,0,6.0
5,تطبيق رائع,2021-05-30,Abdellah Djaafri,0,5.0
5,روووعة,2021-05-29,بوحامدي عبدالرحمن,0,6.0
1,سيئة جد جد,2021-05-27,Amine Dahoua,2,
1,أفشل تطبيق,2021-05-22,Salamon Kalou,2,6.0
5,تطبيق روووعة,2021-05-21,Molay Hamo2,0,3.0
1,حسن,2021-05-20,KADA MUSTAPHA,0,5.0
5,تطبيق رائع وجميل جدا جدا,2021-05-07,Mihoubi Anis,2,6.0
5,جيد لَـگِنْ لم افهم طريقة الاستعمال يجب ان تضعوا عميل للارشاد,2021-04-23,‪Mohammed Salem (Tahiri)‬‏,5,
5,خطوة مؤهلة وجميلة في الحجز التذاكر في هذا التطبيق,2021-02-07,said ladjal,2,
5,افتحوا لنا الطيران ما بين الجزائر إلى مصر 🇪🇬,2021-01-24,الجزائر,7,
4,الرجاء إضافة اللغة العربية ونكمل لكم النجمة الخامسة 😁😁😁🥰🥰🇩🇿🇩🇿🇩🇿,2020-12-27,ام ملاك,13,
5,بتوفيق,2020-12-27,Mohammed Uoali,0,
5,أعجبني,2020-12-03,Ikram Bo,1,
5,Хороший,2020-12-02,Sofiane Taleb,0,
5,مزيد من التألق والنجاح,2020-12-02,علي خضراوي,0,
5,الله يسهللكم شكرا لكم,2020-12-02,فاتح جلاب,0,
4,مبادرة ممتازة،فقط مراجعة بعض الأسعار ،شكرا و مزيدا من التألق..,2020-12-02,yahia bilal,36,5.0
5,تطبيق مفيد👍👍👍 و في المتناول😗😘,2020-12-02,SALEM BAHAFI,2,5.0
5,بالتوفيق إنشاء الله نتمنا لكم النجاح في مشواركم,2020-08-26,nouri djawad,9,
5,جيد,2020-06-26,Med SO,0,5.0
4,مقبول,2020-05-19,aliadjela azerty,0,5.0
5,ممتاز,2020-05-07,يونس عزوز,0,5.0
5,جيد جداً,2020-03-27,مستخدم Google,0,5.0
5,جد رائع ويسهل كثير عدة عمليات,2020-03-03,مستخدم Google,8,5.0
5,جميل,2020-02-16,مستخدم Google,1,
5,Fine,2020-02-03,مستخدم Google,0,3.0
5,مليحه,2020-01-13,مستخدم Google,0,1.0
2,برنامج فاشل وغير واضح نتمنى إضافة اللغة العربية إليه .,2020-01-12,مستخدم Google,32,
5,جيد,2019-12-24,مستخدم Google,0,
5,مممتاز,2019-12-23,مستخدم Google,0,
3,إضافة لغة العربية,2019-12-19,مستخدم Google,15,1.0
5,جيد,2019-11-24,مستخدم Google,0,
4,رائع,2019-11-08,مستخدم Google,1,
5,الله الوحد الاحد لاشريك له,2019-09-15,مستخدم Google,11,1.0
4,❤,2019-09-14,مستخدم Google,0,1.0
5,جميل,2019-08-04,مستخدم Google,2,
5,جيد جدا,2019-06-06,مستخدم Google,2,
3,بالتوفيق ان شاء الله,2019-06-06,مستخدم Google,10,
5,بارك الله فيكم قفزة نوعية من شركة الخطوط الجوية الجزائرية سهلتم الامور اتمنى المزيد والتفوق والنجاح,2019-05-26,مستخدم Google,66,
5,تطبيق ممتاز وسريع وسهل في متناول الجميع الخطوط الجوية الجزايرية نحو الأفضل,2019-05-13,مستخدم Google,125,1.0
5,ممتاز,2019-04-24,مستخدم Google,11,
